objectid,stationid,sampledate,latitude,longitude,depth,stratum,areaqweight,plasticpolymer,plastictype,count
1,B13-8002,2013-08-05,32.556619,-117.128254,1,Estuaries,0.09,NA,NA,0
2,B13-8008,2013-08-05,32.558332,-117.120558,1,Estuaries,0.09,NA,NA,0
3,B13-8013,2013-08-26,32.62360121,-117.1334604,3,Marina,0.25,HDPE,Fragments,1
4,B13-8013,2013-08-26,32.62360121,-117.1334604,3,Marina,0.25,HDPE,Line,8
5,B13-8013,2013-08-26,32.62360121,-117.1334604,3,Marina,0.25,Nylon,Fragments,12
6,B13-8013,2013-08-26,32.62360121,-117.1334604,3,Marina,0.25,PVC,Fragments,5
7,B13-8013,2013-08-26,32.62360121,-117.1334604,3,Marina,0.25,PET (or PC),Fragments,7
8,B13-8013,2013-08-26,32.62360121,-117.1334604,3,Marina,0.25,PET (or PC),Film,7
9,B13-8013,2013-08-26,32.62360121,-117.1334604,3,Marina,0.25,Unknown,Unknown,0
10,B13-8014,2013-08-26,32.626539,-117.134678,3,Marina,0.25,Nylon,Film,1
11,B13-8014,2013-08-26,32.626539,-117.134678,3,Marina,0.25,Unknown,Unknown,92
12,B13-8017,2013-08-11,32.63156925,-117.1308396,4,Bay,3.21000004,HDPE,Film,1
13,B13-8017,2013-08-11,32.63156925,-117.1308396,4,Bay,3.21000004,Nylon,Fragments,2
14,B13-8017,2013-08-11,32.63156925,-117.1308396,4,Bay,3.21000004,Nylon,Line,1
15,B13-8017,2013-08-11,32.63156925,-117.1308396,4,Bay,3.21000004,Unknown,Unknown,0
16,B13-8018,2013-09-06,32.63420491,-117.1073894,1,Port,0.27000001,NA,NA,0
17,B13-8020,2013-08-11,32.64179222,-117.1314133,5,Bay,3.21000004,HDPE,Fragments,1
18,B13-8020,2013-08-11,32.64179222,-117.1314133,5,Bay,3.21000004,PS,Line,1
19,B13-8020,2013-08-11,32.64179222,-117.1314133,5,Bay,3.21000004,Nylon,Line,4
20,B13-8020,2013-08-11,32.64179222,-117.1314133,5,Bay,3.21000004,PVC,Line,1
21,B13-8020,2013-08-11,32.64179222,-117.1314133,5,Bay,3.21000004,Unknown,Unknown,0
22,B13-8029,2013-08-11,32.64693618,-117.118238,10,Bay,0.2,PU,Foam Foam,1
23,B13-8029,2013-08-11,32.64693618,-117.118238,10,Bay,0.2,HDPE,Fragments,1
24,B13-8029,2013-08-11,32.64693618,-117.118238,10,Bay,0.2,HDPE,Line,6
25,B13-8029,2013-08-11,32.64693618,-117.118238,10,Bay,0.2,HDPE,Film,3
26,B13-8029,2013-08-11,32.64693618,-117.118238,10,Bay,0.2,LDPE/LLDPE,Line,1
27,B13-8029,2013-08-11,32.64693618,-117.118238,10,Bay,0.2,PS,Film,1
28,B13-8029,2013-08-11,32.64693618,-117.118238,10,Bay,0.2,Nylon,Fragments,1
29,B13-8029,2013-08-11,32.64693618,-117.118238,10,Bay,0.2,Nylon,Film,1
30,B13-8029,2013-08-11,32.64693618,-117.118238,10,Bay,0.2,PVC,Film,1
31,B13-8029,2013-08-11,32.64693618,-117.118238,10,Bay,0.2,PET (or PC),Fragments,1
32,B13-8029,2013-08-11,32.64693618,-117.118238,10,Bay,0.2,PET (or PC),Film,2
33,B13-8029,2013-08-11,32.64693618,-117.118238,10,Bay,0.2,Unknown,Unknown,0
34,B13-8043,2013-08-05,32.650342,-117.105099,3,Estuaries,0.28,HDPE,Fragments,2
35,B13-8043,2013-08-05,32.650342,-117.105099,3,Estuaries,0.28,PS,Fragments,1
36,B13-8043,2013-08-05,32.650342,-117.105099,3,Estuaries,0.28,Nylon,Fragments,13
37,B13-8043,2013-08-05,32.650342,-117.105099,3,Estuaries,0.28,Nylon,Film,2
38,B13-8045,2013-08-30,32.65155019,-117.122464,12,Port,0.82999998,HDPE,Film,1
39,B13-8045,2013-08-30,32.65155019,-117.122464,12,Port,0.82999998,Nylon,Fragments,1
40,B13-8045,2013-08-30,32.65155019,-117.122464,12,Port,0.82999998,Nylon,Line,1
41,B13-8045,2013-08-30,32.65155019,-117.122464,12,Port,0.82999998,PET (or PC),Fragments,3
42,B13-8045,2013-08-30,32.65155019,-117.122464,12,Port,0.82999998,Unknown,Unknown,0
43,B13-8052,2013-08-27,32.65833862,-117.1442177,5,Bay,3.21000004,NA,NA,0
44,B13-8056,2013-08-12,32.66061292,-117.1233901,10,Port,0.57999998,HDPE,Line,1
45,B13-8056,2013-08-12,32.66061292,-117.1233901,10,Port,0.57999998,HDPE,Film,1
46,B13-8056,2013-08-12,32.66061292,-117.1233901,10,Port,0.57999998,Nylon,Whole objects,1
47,B13-8056,2013-08-12,32.66061292,-117.1233901,10,Port,0.57999998,Nylon,Line,1
48,B13-8056,2013-08-12,32.66061292,-117.1233901,10,Port,0.57999998,PET (or PC),Fragments,39
49,B13-8056,2013-08-12,32.66061292,-117.1233901,10,Port,0.57999998,Unknown,Unknown,46
50,B13-8056,2013-08-12,32.66061292,-117.1233901,10,Port,0.57999998,Metal,Metal,2
51,B13-8056,2013-08-12,32.66061292,-117.1233901,10,Port,0.57999998,Glass,Glass,2
52,B13-8058,2013-08-30,32.66147121,-117.1440967,5,Bay,3.21000004,Unknown,Unknown,3
53,B13-8060,2013-08-27,32.66518364,-117.1498045,4,Bay,3.21000004,Nylon,Line,1
54,B13-8060,2013-08-27,32.66518364,-117.1498045,4,Bay,3.21000004,PET (or PC),Pellets,1
271,B13-8338,2013-09-06,33.73515,-118.09149,46,Port,0.94999999,NA,NA,0
55,B13-8060,2013-08-27,32.66518364,-117.1498045,4,Bay,3.21000004,Unknown,Unknown,0
56,B13-8065,2013-08-12,32.671353,-117.119134,7,Port,0.57999998,Nylon,Fragments,1
57,B13-8065,2013-08-12,32.671353,-117.119134,7,Port,0.57999998,PET (or PC),Fragments,16
58,B13-8065,2013-08-12,32.671353,-117.119134,7,Port,0.57999998,Unknown,Unknown,102
59,B13-8065,2013-08-12,32.671353,-117.119134,7,Port,0.57999998,Metal,Metal,1
60,B13-8068,2013-08-30,32.67547188,-117.1438413,5,Bay,2.41000009,Nylon,Line,1
61,B13-8068,2013-08-30,32.67547188,-117.1438413,5,Bay,2.41000009,Unknown,Unknown,0
62,B13-8073,2013-08-29,32.680331,-117.174759,5,Marina,0.25,PU,Foam Foam,1
63,B13-8073,2013-08-29,32.680331,-117.174759,5,Marina,0.25,PET (or PC),Fragments,1
64,B13-8073,2013-08-29,32.680331,-117.174759,5,Marina,0.25,Unknown,Unknown,68
65,B13-8073,2013-08-29,32.680331,-117.174759,5,Marina,0.25,Metal,Metal,8
66,B13-8078,2013-08-27,32.68672299,-117.1485937,13,Bay,2.41000009,HDPE,Line,1
67,B13-8078,2013-08-27,32.68672299,-117.1485937,13,Bay,2.41000009,Nylon,Line,1
68,B13-8078,2013-08-27,32.68672299,-117.1485937,13,Bay,2.41000009,Nylon,Film,3
69,B13-8078,2013-08-27,32.68672299,-117.1485937,13,Bay,2.41000009,Combo,Combo Plastic,1
70,B13-8078,2013-08-27,32.68672299,-117.1485937,13,Bay,2.41000009,Unknown,Unknown,9
71,B13-8078,2013-08-27,32.68672299,-117.1485937,13,Bay,2.41000009,Combo,Combo Other,1
72,B13-8085,2013-09-10,32.69168677,-117.2382438,15,Port,0.82999998,HDPE,Fragments,6
73,B13-8085,2013-09-10,32.69168677,-117.2382438,15,Port,0.82999998,HDPE,Line,1
74,B13-8085,2013-09-10,32.69168677,-117.2382438,15,Port,0.82999998,PP,Line,1
75,B13-8085,2013-09-10,32.69168677,-117.2382438,15,Port,0.82999998,Nylon,Fragments,1
76,B13-8085,2013-09-10,32.69168677,-117.2382438,15,Port,0.82999998,Nylon,Line,2
77,B13-8085,2013-09-10,32.69168677,-117.2382438,15,Port,0.82999998,PET (or PC),Fragments,2
78,B13-8085,2013-09-10,32.69168677,-117.2382438,15,Port,0.82999998,PET (or PC),Line,2
79,B13-8085,2013-09-10,32.69168677,-117.2382438,15,Port,0.82999998,Unknown,Unknown,4
80,B13-8087,2013-08-29,32.69172103,-117.1532169,13,Port,0.82999998,Nylon,Film,1
81,B13-8087,2013-08-29,32.69172103,-117.1532169,13,Port,0.82999998,Unknown,Unknown,43
82,B13-8093,2013-08-29,32.69560095,-117.1625573,14,Bay,2.41000009,PS,Fragments,1
83,B13-8093,2013-08-29,32.69560095,-117.1625573,14,Bay,2.41000009,Nylon,Fragments,28
84,B13-8093,2013-08-29,32.69560095,-117.1625573,14,Bay,2.41000009,Nylon,Line,2
85,B13-8093,2013-08-29,32.69560095,-117.1625573,14,Bay,2.41000009,PET (or PC),Fragments,1
86,B13-8093,2013-08-29,32.69560095,-117.1625573,14,Bay,2.41000009,Unknown,Unknown,35
87,B13-8100,2013-08-29,32.70239978,-117.1617805,9,Port,0.57999998,HDPE,Film,1
88,B13-8100,2013-08-29,32.70239978,-117.1617805,9,Port,0.57999998,Nylon,Fragments,3
89,B13-8100,2013-08-29,32.70239978,-117.1617805,9,Port,0.57999998,Unknown,Unknown,66
90,B13-8100,2013-08-29,32.70239978,-117.1617805,9,Port,0.57999998,Glass,Glass,1
91,B13-8100,2013-08-29,32.70239978,-117.1617805,9,Port,0.57999998,Combo,Combo Other,3
92,B13-8102,2013-09-10,32.71154327,-117.2325516,7,Marina,0.25,HDPE,Fragments,2
93,B13-8102,2013-09-10,32.71154327,-117.2325516,7,Marina,0.25,HDPE,Line,1
94,B13-8102,2013-09-10,32.71154327,-117.2325516,7,Marina,0.25,PET (or PC),Fragments,1
95,B13-8102,2013-09-10,32.71154327,-117.2325516,7,Marina,0.25,Unknown,Unknown,441
96,B13-8102,2013-09-10,32.71154327,-117.2325516,7,Marina,0.25,Too small to test,Too small to test,16
97,B13-8102,2013-09-10,32.71154327,-117.2325516,7,Marina,0.25,Metal,Metal,2
98,B13-8105,2013-09-10,32.71227536,-117.2139665,4,Bay,3.21000004,Unknown,Unknown,14
99,B13-8106,2013-09-10,32.712329,-117.232133,6,Marina,0.25,HDPE,Line,1
100,B13-8106,2013-09-10,32.712329,-117.232133,6,Marina,0.25,Nylon,Line,1
101,B13-8106,2013-09-10,32.712329,-117.232133,6,Marina,0.25,Unknown,Unknown,96
102,B13-8106,2013-09-10,32.712329,-117.232133,6,Marina,0.25,Too small to test,Too small to test,7
103,B13-8106,2013-09-10,32.712329,-117.232133,6,Marina,0.25,Metal,Metal,4
104,B13-8109,2013-08-28,32.7149627,-117.1829068,12,Bay,2.41000009,Nylon,Fragments,1
105,B13-8109,2013-08-28,32.7149627,-117.1829068,12,Bay,2.41000009,PET (or PC),Fragments,5
106,B13-8109,2013-08-28,32.7149627,-117.1829068,12,Bay,2.41000009,Unknown,Unknown,11
107,B13-8111,2013-09-09,32.71609177,-117.1739526,12,Port,0.27000001,HDPE,Line,1
108,B13-8111,2013-09-09,32.71609177,-117.1739526,12,Port,0.27000001,HDPE,Film,3
109,B13-8111,2013-09-09,32.71609177,-117.1739526,12,Port,0.27000001,PS,Fragments,2
110,B13-8111,2013-09-09,32.71609177,-117.1739526,12,Port,0.27000001,Nylon,Film,1
111,B13-8111,2013-09-09,32.71609177,-117.1739526,12,Port,0.27000001,Unknown,Unknown,31
112,B13-8112,2013-09-09,32.7161897,-117.1762365,13,Port,0.82999998,PET (or PC),Fragments,3
113,B13-8112,2013-09-09,32.7161897,-117.1762365,13,Port,0.82999998,Unknown,Unknown,72
114,B13-8113,2013-09-10,32.71688694,-117.2252125,5,Marina,0.25,PS,Foam Foam,2
115,B13-8113,2013-09-10,32.71688694,-117.2252125,5,Marina,0.25,Unknown,Unknown,235
116,B13-8113,2013-09-10,32.71688694,-117.2252125,5,Marina,0.25,Too small to test,Too small to test,35
117,B13-8116,2013-09-10,32.718402,-117.2304,4,Marina,0.25,PU,Foam Foam,1
118,B13-8116,2013-09-10,32.718402,-117.2304,4,Marina,0.25,Nylon,Line,2
119,B13-8116,2013-09-10,32.718402,-117.2304,4,Marina,0.25,Nylon,Film,3
120,B13-8116,2013-09-10,32.718402,-117.2304,4,Marina,0.25,Unknown,Unknown,706
121,B13-8116,2013-09-10,32.718402,-117.2304,4,Marina,0.25,Too small to test,Too small to test,17
122,B13-8116,2013-09-10,32.718402,-117.2304,4,Marina,0.25,Combo,Combo Other,6
123,B13-8117,2013-09-10,32.71856942,-117.2261121,6,Marina,0.25,HDPE,Fragments,1
124,B13-8117,2013-09-10,32.71856942,-117.2261121,6,Marina,0.25,PS,Film,0
125,B13-8117,2013-09-10,32.71856942,-117.2261121,6,Marina,0.25,Nylon,Film,2
126,B13-8117,2013-09-10,32.71856942,-117.2261121,6,Marina,0.25,PET (or PC),Fragments,1
127,B13-8117,2013-09-10,32.71856942,-117.2261121,6,Marina,0.25,PET (or PC),Film,1
128,B13-8117,2013-09-10,32.71856942,-117.2261121,6,Marina,0.25,Unknown,Unknown,162
129,B13-8117,2013-09-10,32.71856942,-117.2261121,6,Marina,0.25,Too small to test,Too small to test,55
130,B13-8118,2013-08-28,32.71988474,-117.1787359,11,Bay,2.41000009,HDPE,Line,1
131,B13-8118,2013-08-28,32.71988474,-117.1787359,11,Bay,2.41000009,Unknown,Unknown,22
132,B13-8122,2013-08-28,32.72414826,-117.182983,5,Bay,2.41000009,LDPE/LLDPE,Line,1
133,B13-8122,2013-08-28,32.72414826,-117.182983,5,Bay,2.41000009,Unknown,Unknown,13
134,B13-8123,2013-09-09,32.72501823,-117.1836836,6,Marina,0.27000001,Unknown,Unknown,44
135,B13-8124,2013-09-09,32.72630136,-117.1866435,4,Marina,0.27000001,Unknown,Unknown,55
136,B13-8127,2013-09-09,32.726737,-117.202524,4,Marina,0.25,PET (or PC),Fragments,1
137,B13-8127,2013-09-09,32.726737,-117.202524,4,Marina,0.25,Unknown,Unknown,121
138,B13-8127,2013-09-09,32.726737,-117.202524,4,Marina,0.25,Glass,Glass,3
139,B13-8128,2013-09-09,32.727123,-117.191922,5,Marina,0.27000001,HDPE,Whole objects,1
140,B13-8128,2013-09-09,32.727123,-117.191922,5,Marina,0.27000001,Unknown,Unknown,24
141,B13-8129,2013-07-31,32.756809,-117.235265,1,Estuaries,0.16,NA,NA,0
142,B13-8134,2013-07-31,32.757442,-117.237995,1,Estuaries,0.16,NA,NA,0
143,B13-8136,2013-07-31,32.757907,-117.227441,1,Estuaries,0.16,HDPE,Film,3
144,B13-8145,2013-08-07,32.76163213,-117.2382234,8,Marina,0.24,Unknown,Unknown,8
145,B13-8146,2013-08-07,32.76246121,-117.2362109,8,Marina,0.15000001,HDPE,Fragments,3
146,B13-8146,2013-08-07,32.76246121,-117.2362109,8,Marina,0.15000001,HDPE,Line,2
147,B13-8146,2013-08-07,32.76246121,-117.2362109,8,Marina,0.15000001,HDPE,Line,1
148,B13-8146,2013-08-07,32.76246121,-117.2362109,8,Marina,0.15000001,HDPE,Film,2
149,B13-8146,2013-08-07,32.76246121,-117.2362109,8,Marina,0.15000001,PS,Fragments,6
150,B13-8146,2013-08-07,32.76246121,-117.2362109,8,Marina,0.15000001,PS,Film,1
151,B13-8146,2013-08-07,32.76246121,-117.2362109,8,Marina,0.15000001,Nylon,Fragments,3
152,B13-8146,2013-08-07,32.76246121,-117.2362109,8,Marina,0.15000001,Nylon,Line,3
153,B13-8146,2013-08-07,32.76246121,-117.2362109,8,Marina,0.15000001,Nylon,Line,3
154,B13-8146,2013-08-07,32.76246121,-117.2362109,8,Marina,0.15000001,PVC,Fragments,3
155,B13-8146,2013-08-07,32.76246121,-117.2362109,8,Marina,0.15000001,PET (or PC),Fragments,2
156,B13-8146,2013-08-07,32.76246121,-117.2362109,8,Marina,0.15000001,Combo,Combo Plastic,1
157,B13-8146,2013-08-07,32.76246121,-117.2362109,8,Marina,0.15000001,Unknown,Unknown,100
158,B13-8146,2013-08-07,32.76246121,-117.2362109,8,Marina,0.15000001,Too small to test,Too small to test,521
159,B13-8146,2013-08-07,32.76246121,-117.2362109,8,Marina,0.15000001,Metal,Metal,1
160,B13-8146,2013-08-07,32.76246121,-117.2362109,8,Marina,0.15000001,Organic cloth/ line,Organic cloth/ line,1
161,B13-8146,2013-08-07,32.76246121,-117.2362109,8,Marina,0.15000001,Wood,Wood,1
162,B13-8146,2013-08-07,32.76246121,-117.2362109,8,Marina,0.15000001,Combo,Combo Other,1
163,B13-8151,2013-08-07,32.7672091,-117.2356074,4,Marina,0.15000001,Unknown,Unknown,69
164,B13-8152,2013-08-07,32.76790521,-117.2414807,7,Bay,0.56999999,PU,Foam Foam,1
165,B13-8152,2013-08-07,32.76790521,-117.2414807,7,Bay,0.56999999,PS,Fragments,1
166,B13-8152,2013-08-07,32.76790521,-117.2414807,7,Bay,0.56999999,Unknown,Unknown,4
167,B13-8156,2013-08-07,32.78070466,-117.2492776,3,Marina,0.41999999,Nylon,Film,1
168,B13-8156,2013-08-07,32.78070466,-117.2492776,3,Marina,0.41999999,Unknown,Unknown,40
169,B13-8157,2013-08-08,32.78293864,-117.2300034,3,Bay,3.24000001,Unknown,Unknown,22
170,B13-8159,2013-08-08,32.78447464,-117.2153579,4,Bay,3.24000001,NA,NA,0
171,B13-8169,2013-08-02,32.93173,-117.252134,2,Estuaries,0.04,HDPE,Film,3
172,B13-8169,2013-08-02,32.93173,-117.252134,2,Estuaries,0.04,PS,Fragments,1
173,B13-8169,2013-08-02,32.93173,-117.252134,2,Estuaries,0.04,Nylon,Fragments,3
174,B13-8169,2013-08-02,32.93173,-117.252134,2,Estuaries,0.04,Nylon,Film,1
175,B13-8176,2013-08-02,32.933605,-117.256722,1,Estuaries,0.04,HDPE,Fragments,1
176,B13-8176,2013-08-02,32.933605,-117.256722,1,Estuaries,0.04,Nylon,Fragments,1
177,B13-8179,2013-08-02,32.96612,-117.252479,1,Estuaries,0.11,NA,NA,0
178,B13-8180,2013-08-02,32.96641,-117.257924,1,Estuaries,0.11,HDPE,Fragments,1
179,B13-8187,2013-08-02,32.970772,-117.258239,1,Estuaries,0.11,NA,NA,0
180,B13-8188,2013-07-29,33.01602403,-117.28064,1,Estuaries,0.03,NA,NA,0
181,B13-8189,2013-07-29,33.012085,-117.274574,1,Estuaries,0.03,NA,NA,0
182,B13-8200,2013-08-06,33.085016,-117.309694,2,Estuaries,0.30000001,Nylon,Fragments,6
183,B13-8200,2013-08-06,33.085016,-117.309694,2,Estuaries,0.30000001,Nylon,Line,5
184,B13-8200,2013-08-06,33.085016,-117.309694,2,Estuaries,0.30000001,Nylon,Film,2
185,B13-8202,2013-08-06,33.088054,-117.29133,1,Estuaries,0.30000001,NA,NA,0
186,B13-8205,2013-08-06,33.088835,-117.295835,2,Estuaries,0.30000001,NA,NA,0
187,B13-8218,2013-07-30,33.139135,-117.337719,6,Estuaries,0.34999999,NA,NA,0
188,B13-8219,2013-07-30,33.139464,-117.318749,1,Estuaries,0.34999999,HDPE,Film,2
189,B13-8222,2013-07-30,33.140108,-117.32432,3,Estuaries,0.34999999,NA,NA,0
190,B13-8248,2013-08-07,33.231939,-117.413078,1,Estuaries,0.07,HDPE,Fragments,2
191,B13-8248,2013-08-07,33.231939,-117.413078,1,Estuaries,0.07,HDPE,Film,1
192,B13-8250,2013-08-07,33.232024,-117.412454,1,Estuaries,0.07,NA,NA,0
193,B13-8253,2013-08-07,33.233207,-117.413261,1,Estuaries,0.07,NA,NA,0
194,B13-8269,2013-08-01,33.60089925,-117.8946615,3,Marina,0.63,HDPE,Fragments,3
195,B13-8269,2013-08-01,33.60089925,-117.8946615,3,Marina,0.63,HDPE,Line,1
196,B13-8269,2013-08-01,33.60089925,-117.8946615,3,Marina,0.63,HDPE,Film,5
197,B13-8273,2013-09-27,33.60909831,-117.9046387,6,Marina,0.63,HDPE,Fragments,11
198,B13-8273,2013-09-27,33.60909831,-117.9046387,6,Marina,0.63,HDPE,Line,4
199,B13-8273,2013-09-27,33.60909831,-117.9046387,6,Marina,0.63,HDPE,Film,4
200,B13-8273,2013-09-27,33.60909831,-117.9046387,6,Marina,0.63,PP,Fragments,1
201,B13-8273,2013-09-27,33.60909831,-117.9046387,6,Marina,0.63,PP,Foam,1
202,B13-8273,2013-09-27,33.60909831,-117.9046387,6,Marina,0.63,Nylon,Fragments,2
203,B13-8273,2013-09-27,33.60909831,-117.9046387,6,Marina,0.63,Nylon,Film,1
204,B13-8274,2013-08-01,33.61386719,-117.9148112,3,Marina,0.63,HDPE,Fragments,4
205,B13-8275,2013-09-20,33.61531,-117.89431,6,Marina,0.63,HDPE,Fragments,2
206,B13-8275,2013-09-20,33.61531,-117.89431,6,Marina,0.63,HDPE,Line,5
207,B13-8275,2013-09-20,33.61531,-117.89431,6,Marina,0.63,Nylon,Line,2
208,B13-8279,2013-09-20,33.61643,-117.90532,12,Estuaries,0.63,NA,NA,0
209,B13-8280,2013-08-01,33.61925049,-117.9269206,6,Marina,0.63,HDPE,Film,4
210,B13-8280,2013-08-01,33.61925049,-117.9269206,6,Marina,0.63,PS,Film,1
211,B13-8286,2013-07-26,33.63577784,-117.9561824,6,Estuaries,0.31999999,NA,NA,0
212,B13-8287,2013-07-26,33.6365383,-117.9537394,3,Estuaries,0.31999999,Nylon,Fragments,9
213,B13-8287,2013-07-26,33.6365383,-117.9537394,3,Estuaries,0.31999999,Nylon,Line,10
214,B13-8287,2013-07-26,33.6365383,-117.9537394,3,Estuaries,0.31999999,Nylon,Film,6
215,B13-8287,2013-07-26,33.6365383,-117.9537394,3,Estuaries,0.31999999,PET (or PC),Fragments,1
216,B13-8290,2013-09-04,33.64579,-117.8889,18,Estuaries,0.31999999,HDPE,Line,10
217,B13-8290,2013-09-04,33.64579,-117.8889,18,Estuaries,0.31999999,HDPE,Film,1
218,B13-8291,2013-09-04,33.64676,-117.88682,20,Estuaries,0.31999999,PS,Foam Fragments,1
219,B13-8291,2013-09-04,33.64676,-117.88682,20,Estuaries,0.31999999,HDPE,Fragments,63
220,B13-8291,2013-09-04,33.64676,-117.88682,20,Estuaries,0.31999999,HDPE,Line,20
221,B13-8291,2013-09-04,33.64676,-117.88682,20,Estuaries,0.31999999,HDPE,Film,8
222,B13-8291,2013-09-04,33.64676,-117.88682,20,Estuaries,0.31999999,PP,Fragments,2
223,B13-8291,2013-09-04,33.64676,-117.88682,20,Estuaries,0.31999999,PP,Film,1
224,B13-8291,2013-09-04,33.64676,-117.88682,20,Estuaries,0.31999999,Nylon,Fragments,51
225,B13-8291,2013-09-04,33.64676,-117.88682,20,Estuaries,0.31999999,Nylon,Film,1
226,B13-8291,2013-09-04,33.64676,-117.88682,20,Estuaries,0.31999999,Too small to test,Too small to test,43
227,B13-8292,2013-09-04,33.64705,-117.88421,19,Estuaries,0.31999999,HDPE,Fragments,7
228,B13-8292,2013-09-04,33.64705,-117.88421,19,Estuaries,0.31999999,HDPE,Line,22
229,B13-8292,2013-09-04,33.64705,-117.88421,19,Estuaries,0.31999999,HDPE,Film,6
230,B13-8292,2013-09-04,33.64705,-117.88421,19,Estuaries,0.31999999,PP,Fragments,1
231,B13-8295,2013-09-12,33.6865,-118.03607,9,Estuaries,0.31999999,NA,NA,0
232,B13-8298,2013-09-12,33.69741,-118.04051,8,Estuaries,0.31999999,NA,NA,0
233,B13-8301,2013-09-12,33.70984,-118.0597,5,Estuaries,0.31999999,NA,NA,0
234,B13-8302,2013-07-11,33.71242,-118.2579,25,Bay,2,Nylon,Film,1
235,B13-8302,2013-07-11,33.71242,-118.2579,25,Bay,2,Unknown,Unknown,4
236,B13-8304,2013-07-11,33.71345,-118.24131,24,Bay,2,Unknown,Unknown,2
237,B13-8306,2013-07-11,33.71475,-118.28269,3,Bay,2,HDPE,Line,1
238,B13-8306,2013-07-11,33.71475,-118.28269,3,Bay,2,HDPE,Film,2
239,B13-8306,2013-07-11,33.71475,-118.28269,3,Bay,2,Nylon,Film,1
240,B13-8306,2013-07-11,33.71475,-118.28269,3,Bay,2,Unknown,Unknown,1
241,B13-8308,2013-07-11,33.7174,-118.24385,23,Port,0.94999999,NA,NA,0
242,B13-8310,2013-07-11,33.71791,-118.23298,14,Port,0.94999999,NA,NA,0
243,B13-8315,2013-07-09,33.72425,-118.15265,15,Bay,2,HDPE,Fragments,2
244,B13-8315,2013-07-09,33.72425,-118.15265,15,Bay,2,Nylon,Fragments,2
245,B13-8315,2013-07-09,33.72425,-118.15265,15,Bay,2,Nylon,Line,4
246,B13-8315,2013-07-09,33.72425,-118.15265,15,Bay,2,Nylon,Film,1
247,B13-8316,2013-07-11,33.72387,-118.2627,27,Port,0.94999999,Nylon,Film,1
248,B13-8316,2013-07-11,33.72387,-118.2627,27,Port,0.94999999,PET (or PC),Fragments,5
249,B13-8316,2013-07-11,33.72387,-118.2627,27,Port,0.94999999,Unknown,Unknown,0
250,B13-8318,2013-07-13,33.72421,-118.22437,18,Bay,2,HDPE,Fragments,1
251,B13-8318,2013-07-13,33.72421,-118.22437,18,Bay,2,Unknown,Unknown,5
252,B13-8319,2013-07-11,33.72576667,-118.1375833,12,Bay,2,HDPE,Line,1
253,B13-8319,2013-07-11,33.72576667,-118.1375833,12,Bay,2,HDPE,Film,1
254,B13-8319,2013-07-11,33.72576667,-118.1375833,12,Bay,2,Nylon,Fragments,3
255,B13-8319,2013-07-11,33.72576667,-118.1375833,12,Bay,2,Nylon,Line,5
256,B13-8321,2013-09-06,33.72707,-118.07011,16,Marina,0.63,HDPE,Fragments,10
257,B13-8321,2013-09-06,33.72707,-118.07011,16,Marina,0.63,HDPE,Line,2
258,B13-8321,2013-09-06,33.72707,-118.07011,16,Marina,0.63,HDPE,Film,1
259,B13-8321,2013-09-06,33.72707,-118.07011,16,Marina,0.63,Nylon,Fragments,3
260,B13-8322,2013-07-13,33.72762,-118.21274,21,Bay,2,NA,NA,0
261,B13-8325,2013-07-17,33.7283,-118.1569333,14,Bay,2,NA,NA,0
262,B13-8326,2013-07-10,33.72924,-118.23361,11,Port,0.94999999,HDPE,Line,1
263,B13-8326,2013-07-10,33.72924,-118.23361,11,Port,0.94999999,Unknown,Unknown,16
264,B13-8328,2013-09-06,33.73076,-118.08191,18,Estuaries,0.31999999,HDPE,Fragments,1
265,B13-8328,2013-09-06,33.73076,-118.08191,18,Estuaries,0.31999999,HDPE,Line,2
266,B13-8328,2013-09-06,33.73076,-118.08191,18,Estuaries,0.31999999,Nylon,Fragments,1
267,B13-8328,2013-09-06,33.73076,-118.08191,18,Estuaries,0.31999999,Nylon,Line,3
268,B13-8328,2013-09-06,33.73076,-118.08191,18,Estuaries,0.31999999,Nylon,Foam,1
269,B13-8333,2013-07-13,33.7311,-118.1924,15,Port,0.94999999,Nylon,Film,1
270,B13-8333,2013-07-13,33.7311,-118.1924,15,Port,0.94999999,Unknown,Unknown,1
272,B13-8340,2013-07-12,33.73549,-118.27676,18,Port,0.94999999,HDPE,Line,1
273,B13-8340,2013-07-12,33.73549,-118.27676,18,Port,0.94999999,PS,Film,1
274,B13-8340,2013-07-12,33.73549,-118.27676,18,Port,0.94999999,Unknown,Unknown,1
275,B13-8346,2013-07-11,33.73908333,-118.1450167,10,Bay,2,NA,NA,0
276,B13-8347,2013-07-12,33.73891,-118.21039,27,Port,0.94999999,PET (or PC),Fragments,2
277,B13-8347,2013-07-12,33.73891,-118.21039,27,Port,0.94999999,Unknown,Unknown,22
278,B13-8349,2013-07-10,33.73906,-118.23651,14,Port,0.94999999,HDPE,Fragments,3
279,B13-8349,2013-07-10,33.73906,-118.23651,14,Port,0.94999999,Unknown,Unknown,3
280,B13-8350,2013-07-09,33.73998333,-118.1712,12,Bay,2,NA,NA,0
281,B13-8351,2013-07-09,33.74028333,-118.1594333,11,Bay,2,NA,NA,0
282,B13-8353,1900-01-00,33.74154,-118.11671,2,Estuaries,0.31999999,PS,Fragments,1
283,B13-8355,2013-07-09,33.7424,-118.1528,10,Bay,2,NA,NA,0
284,B13-8356,2013-07-13,33.74337,-118.20448,19,Port,0.94999999,HDPE,Fragments,1
285,B13-8356,2013-07-13,33.74337,-118.20448,19,Port,0.94999999,Unknown,Unknown,22
286,B13-8358,2013-07-09,33.74423333,-118.1683167,10,Bay,2,NA,NA,0
287,B13-8360,2013-07-10,33.74553,-118.2157,20,Port,0.94999999,Unknown,Unknown,20
288,B13-8363,2013-07-10,33.74719,-118.22137,15,Port,0.94999999,Unknown,Unknown,11
289,B13-8365,2013-07-13,33.74767,-118.19819,16,Port,0.94999999,HDPE,Film,3
290,B13-8365,2013-07-13,33.74767,-118.19819,16,Port,0.94999999,Nylon,Film,1
291,B13-8365,2013-07-13,33.74767,-118.19819,16,Port,0.94999999,Unknown,Unknown,2
292,B13-8367,2013-07-11,33.74853,-118.2489,3,Port,0.94999999,Unknown,Unknown,35
293,B13-8367,2013-07-11,33.74853,-118.2489,3,Port,0.94999999,Too small to test,Too small to test,15
294,B13-8371,2013-07-10,33.75109,-118.23063,17,Port,0.94999999,HDPE,Fragments,1
295,B13-8371,2013-07-10,33.75109,-118.23063,17,Port,0.94999999,PET (or PC),Fragments,1
296,B13-8371,2013-07-10,33.75109,-118.23063,17,Port,0.94999999,Unknown,Unknown,28
297,B13-8372,2013-08-09,33.75117617,-118.1188678,12,Marina,0.63,NA,NA,0
298,B13-8374,2013-07-10,33.75269,-118.21776,18,Port,0.94999999,HDPE,Fragments,5
299,B13-8374,2013-07-10,33.75269,-118.21776,18,Port,0.94999999,Unknown,Unknown,1
300,B13-8375,2013-07-03,33.753,-118.1771833,9,Bay,2,Nylon,Line,13
301,B13-8375,2013-07-03,33.753,-118.1771833,9,Bay,2,Too small to test,Too small to test,1
302,B13-8378,1900-01-00,33.75297,-118.1052,4,Estuaries,0.31999999,HDPE,Line,1
303,B13-8378,1900-01-00,33.75297,-118.1052,4,Estuaries,0.31999999,PP,Fragments,1
304,B13-8378,1900-01-00,33.75297,-118.1052,4,Estuaries,0.31999999,PS,Fragments,11
305,B13-8378,1900-01-00,33.75297,-118.1052,4,Estuaries,0.31999999,Nylon,Fragments,117
306,B13-8378,1900-01-00,33.75297,-118.1052,4,Estuaries,0.31999999,Nylon,Line,9
307,B13-8378,1900-01-00,33.75297,-118.1052,4,Estuaries,0.31999999,PET (or PC),Fragments,14
308,B13-8382,2013-07-10,33.75512,-118.23012,18,Port,0.94999999,PET (or PC),Fragments,1
309,B13-8382,2013-07-10,33.75512,-118.23012,18,Port,0.94999999,Unknown,Unknown,58
310,B13-8382,2013-07-10,33.75512,-118.23012,18,Port,0.94999999,Too small to test,Too small to test,8
311,B13-8382,2013-07-10,33.75512,-118.23012,18,Port,0.94999999,Metal,Metal,2
312,B13-8382,2013-07-10,33.75512,-118.23012,18,Port,0.94999999,Combo,Combo Other,1
313,B13-8383,2013-08-09,33.75545714,-118.1297934,20,Marina,0.63,NA,NA,0
314,B13-8384,2013-07-12,33.75686,-118.27742,18,Port,0.94999999,HDPE,Fragments,1
315,B13-8384,2013-07-12,33.75686,-118.27742,18,Port,0.94999999,Unknown,Unknown,7
316,B13-8384,2013-07-12,33.75686,-118.27742,18,Port,0.94999999,Too small to test,Too small to test,5
317,B13-8388,2013-07-03,33.75923333,-118.1630333,5,Bay,2,Nylon,Fragments,2
318,B13-8388,2013-07-03,33.75923333,-118.1630333,5,Bay,2,PET (or PC),Fragments,1
319,B13-8389,2013-08-09,33.76001625,-118.126087,19,Marina,0.63,NA,NA,0
320,B13-8390,2013-09-09,33.76103,-118.20206,9,Estuaries,0.31999999,NA,NA,0
321,B13-8391,2013-09-09,33.76273,-118.20478,20,Estuaries,0.31999999,NA,NA,0
322,B13-8394,2013-08-09,33.76592345,-118.1038296,8,Estuaries,0.31999999,NA,NA,0
323,B13-8396,2013-07-12,33.7662,-118.27747,15,Port,0.94999999,HDPE,Fragments,1
324,B13-8396,2013-07-12,33.7662,-118.27747,15,Port,0.94999999,PS,Fragments,3
325,B13-8396,2013-07-12,33.7662,-118.27747,15,Port,0.94999999,Unknown,Unknown,4
326,B13-8397,2013-07-12,33.767,-118.24938,4,Marina,0.63,HDPE,Whole objects,1
327,B13-8397,2013-07-12,33.767,-118.24938,4,Marina,0.63,HDPE,Whole objects,1
328,B13-8397,2013-07-12,33.767,-118.24938,4,Marina,0.63,HDPE,Fragments,10
329,B13-8397,2013-07-12,33.767,-118.24938,4,Marina,0.63,HDPE,Line,4
330,B13-8397,2013-07-12,33.767,-118.24938,4,Marina,0.63,HDPE,Film,5
331,B13-8397,2013-07-12,33.767,-118.24938,4,Marina,0.63,HDPE,Film,13
332,B13-8397,2013-07-12,33.767,-118.24938,4,Marina,0.63,PP,Line,1
333,B13-8397,2013-07-12,33.767,-118.24938,4,Marina,0.63,PS,Whole objects,1
334,B13-8397,2013-07-12,33.767,-118.24938,4,Marina,0.63,PS,Fragments,4
335,B13-8397,2013-07-12,33.767,-118.24938,4,Marina,0.63,Nylon,Fragments,7
336,B13-8397,2013-07-12,33.767,-118.24938,4,Marina,0.63,Nylon,Pellets,1
337,B13-8397,2013-07-12,33.767,-118.24938,4,Marina,0.63,Nylon,Film,3
338,B13-8397,2013-07-12,33.767,-118.24938,4,Marina,0.63,PET (or PC),Fragments,2
339,B13-8397,2013-07-12,33.767,-118.24938,4,Marina,0.63,PET (or PC),Line,1
340,B13-8397,2013-07-12,33.767,-118.24938,4,Marina,0.63,Unknown,Unknown,14
341,B13-8399,2013-07-12,33.76871,-118.22204,19,Port,0.94999999,HDPE,Film,1
342,B13-8399,2013-07-12,33.76871,-118.22204,19,Port,0.94999999,HDPE,Film,2
343,B13-8399,2013-07-12,33.76871,-118.22204,19,Port,0.94999999,PET (or PC),Fragments,2
344,B13-8399,2013-07-12,33.76871,-118.22204,19,Port,0.94999999,Unknown,Unknown,22
345,B13-8401,2013-07-12,33.77158,-118.2118,14,Port,0.94999999,HDPE,Fragments,1
346,B13-8401,2013-07-12,33.77158,-118.2118,14,Port,0.94999999,HDPE,Film,1
347,B13-8401,2013-07-12,33.77158,-118.2118,14,Port,0.94999999,Nylon,Fragments,2
348,B13-8401,2013-07-12,33.77158,-118.2118,14,Port,0.94999999,PET (or PC),Fragments,44
349,B13-8401,2013-07-12,33.77158,-118.2118,14,Port,0.94999999,Combo,Combo Plastic,1
350,B13-8401,2013-07-12,33.77158,-118.2118,14,Port,0.94999999,Unknown,Unknown,252
351,B13-8401,2013-07-12,33.77158,-118.2118,14,Port,0.94999999,Metal,Metal,7
352,B13-8401,2013-07-12,33.77158,-118.2118,14,Port,0.94999999,Combo,Combo Other,1
353,B13-8403,2013-09-09,33.78072,-118.20577,9,Estuaries,0.31999999,NA,NA,0
354,B13-8407,2013-09-12,33.96451667,-118.45355,5,Marina,0.63,HDPE,Fragments,11
355,B13-8407,2013-09-12,33.96451667,-118.45355,5,Marina,0.63,Nylon,Fragments,25
356,B13-8407,2013-09-12,33.96451667,-118.45355,5,Marina,0.63,Nylon,Film,3
357,B13-8407,2013-09-12,33.96451667,-118.45355,5,Marina,0.63,PET (or PC),Fragments,7
358,B13-8407,2013-09-12,33.96451667,-118.45355,5,Marina,0.63,Too small to test,Too small to test,327
359,B13-8409,2013-09-12,33.97015,-118.4482667,5,Marina,0.63,HDPE,Fragments,3
360,B13-8409,2013-09-12,33.97015,-118.4482667,5,Marina,0.63,HDPE,Line,2
361,B13-8409,2013-09-12,33.97015,-118.4482667,5,Marina,0.63,HDPE,Film,2
362,B13-8409,2013-09-12,33.97015,-118.4482667,5,Marina,0.63,PS,Film,2
363,B13-8409,2013-09-12,33.97015,-118.4482667,5,Marina,0.63,Nylon,Fragments,42
364,B13-8409,2013-09-12,33.97015,-118.4482667,5,Marina,0.63,Nylon,Line,54
365,B13-8409,2013-09-12,33.97015,-118.4482667,5,Marina,0.63,Nylon,Film,5
366,B13-8409,2013-09-12,33.97015,-118.4482667,5,Marina,0.63,PET (or PC),Fragments,2
367,B13-8409,2013-09-12,33.97015,-118.4482667,5,Marina,0.63,PET (or PC),Film,1
368,B13-8411,2013-09-19,33.97111,-118.43925,7,Estuaries,0.31999999,NA,NA,0
369,B13-8413,2013-09-12,33.97541667,-118.4468333,4,Marina,0.63,HDPE,Fragments,5
370,B13-8413,2013-09-12,33.97541667,-118.4468333,4,Marina,0.63,HDPE,Line,10
371,B13-8413,2013-09-12,33.97541667,-118.4468333,4,Marina,0.63,HDPE,Film,13
372,B13-8413,2013-09-12,33.97541667,-118.4468333,4,Marina,0.63,PS,Fragments,34
373,B13-8413,2013-09-12,33.97541667,-118.4468333,4,Marina,0.63,Nylon,Fragments,47
374,B13-8413,2013-09-12,33.97541667,-118.4468333,4,Marina,0.63,Nylon,Pellets,1
375,B13-8413,2013-09-12,33.97541667,-118.4468333,4,Marina,0.63,Nylon,Line,30
376,B13-8413,2013-09-12,33.97541667,-118.4468333,4,Marina,0.63,PET (or PC),Fragments,5
377,B13-8413,2013-09-12,33.97541667,-118.4468333,4,Marina,0.63,Too small to test,Too small to test,1
378,B13-8417,2013-09-12,33.98298,-118.4505167,2,Marina,0.63,HDPE,Line,60
379,B13-8417,2013-09-12,33.98298,-118.4505167,2,Marina,0.63,Nylon,Fragments,30
380,B13-8417,2013-09-12,33.98298,-118.4505167,2,Marina,0.63,Nylon,Line,18
381,B13-8417,2013-09-12,33.98298,-118.4505167,2,Marina,0.63,PET (or PC),Fragments,7
382,B13-8419,2013-08-22,34.10068,-119.0871,3,Estuaries,0.31999999,NA,NA,0
383,B13-8421,2013-08-22,34.11263,-119.08413,6,Estuaries,0.31999999,Unknown,Unknown,1
384,B13-8425,2013-08-21,34.17116,-119.2235,3,Marina,0.63,Nylon,Film,2
385,B13-8426,2013-09-24,34.17313,-119.2235,4,Marina,0.63,NA,NA,0
386,B13-8430,2013-09-24,34.24421,-119.26492,2,Marina,0.63,PS,Foam Foam,1
387,B13-8430,2013-09-24,34.24421,-119.26492,2,Marina,0.63,HDPE,Line,2
388,B13-8430,2013-09-24,34.24421,-119.26492,2,Marina,0.63,HDPE,Film,7
389,B13-8430,2013-09-24,34.24421,-119.26492,2,Marina,0.63,PS,Film,5
390,B13-8430,2013-09-24,34.24421,-119.26492,2,Marina,0.63,Nylon,Line,4
391,B13-8430,2013-09-24,34.24421,-119.26492,2,Marina,0.63,Nylon,Film,1
392,B13-8430,2013-09-24,34.24421,-119.26492,2,Marina,0.63,PVC,Line,6
393,B13-8430,2013-09-24,34.24421,-119.26492,2,Marina,0.63,PVC,Film,1
394,B13-8431,2013-09-23,34.40456,-119.68901,2,Marina,0.63,NA,NA,0
395,B13-9001,2013-07-08,32.51629,-117.30865,280,Upper Slope,19.450000760000002,HDPE,Fragments,2
396,B13-9001,2013-07-08,32.51629,-117.30865,280,Upper Slope,19.450000760000002,Nylon,Fragments,1
397,B13-9001,2013-07-08,32.51629,-117.30865,280,Upper Slope,19.450000760000002,PET (or PC),Fragments,1
398,B13-9002,2013-07-08,32.52183,-117.35475,320,Upper Slope,19.450000760000002,PVC,Film,1
399,B13-9005,2013-07-03,32.537350000000004,-117.15519,19,Inner Shelf,35.65000153,NA,NA,0
400,B13-9007,2013-07-15,32.55148,-117.1995,35,Mid Shelf,65.90000153,PET (or PC),Fragments,1
401,B13-9009,2013-07-08,32.55417,-117.41068,648,Lower Slope,68.83000183,NA,NA,0
402,B13-9011,2013-07-15,32.58574,-117.3407,183,Outer Shelf,18.81999969,HDPE,Line,1
403,B13-9011,2013-07-15,32.58574,-117.3407,183,Outer Shelf,18.81999969,Nylon,Line,1
404,B13-9012,2013-07-08,32.58926,-117.2643,58,Mid Shelf,65.90000153,NA,NA,0
405,B13-9019,2013-07-11,32.64409,-117.42795,154,Outer Shelf,18.81999969,PS,Foam Foam,1
406,B13-9019,2013-07-11,32.64409,-117.42795,154,Outer Shelf,18.81999969,Paper,Paper,1
407,B13-9021,2013-07-11,32.66044,-117.41113,346,Upper Slope,19.450000760000002,PVC,Line,1
408,B13-9022,2013-07-11,32.66065,-117.38945,277,Upper Slope,19.450000760000002,PS,Foam Foam,1
409,B13-9022,2013-07-11,32.66065,-117.38945,277,Upper Slope,19.450000760000002,HDPE,Film,1
410,B13-9023,2013-07-11,32.66973,-117.42063,430,Upper Slope,19.450000760000002,NA,NA,0
411,B13-9025,2013-07-10,32.67238,-117.29959,78,Mid Shelf,65.90000153,NA,NA,0
412,B13-9026,2013-07-15,32.6929,-117.39491,372,Upper Slope,19.450000760000002,NA,NA,0
413,B13-9028,2013-07-15,32.69552,-117.36628,272,Upper Slope,19.450000760000002,PS,Foam Foam,2
414,B13-9030,2013-07-11,32.70106,-117.43975,525,Lower Slope,68.83000183,NA,NA,0
415,B13-9033,2013-07-15,32.73757,-117.40812,425,Upper Slope,19.450000760000002,NA,NA,0
416,B13-9035,2013-07-29,32.74102,-117.42647,465,Upper Slope,19.450000760000002,NA,NA,0
417,B13-9036,2013-07-16,32.7592,-117.42252,457,Upper Slope,19.450000760000002,NA,NA,0
418,B13-9037,2013-07-09,32.76406,-117.31932,68,Mid Shelf,65.90000153,PS,Foam Foam,1
419,B13-9040,2013-07-16,32.78106,-117.26935,17,Inner Shelf,35.65000153,NA,NA,0
420,B13-9041,2013-07-29,32.78717,-117.55474,942,Lower Slope,68.83000183,NA,NA,0
421,B13-9047,2013-07-29,32.81508,-117.45188,668,Lower Slope,68.83000183,NA,NA,0
422,B13-9049,2013-07-16,32.82042,-117.33919,83,MPA,3.91000009,NA,NA,0
423,B13-9055,2013-07-16,32.82917,-117.37806,275,Upper Slope,19.450000760000002,NA,NA,0
424,B13-9056,2013-07-16,32.83188,-117.35921,146,Outer Shelf,18.81999969,NA,NA,0
425,B13-9057,2013-07-29,32.85103,-117.41079,527,Lower Slope,68.83000183,NA,NA,0
426,B13-9059,2013-07-17,32.85898,-117.2663,23,MPA,5.6999998099999996,NA,NA,0
427,B13-9060,2013-07-29,32.86319,-117.44713,607,Lower Slope,68.83000183,NA,NA,0
428,B13-9068,2013-07-17,32.88365,-117.28334,244,Upper Slope,19.450000760000002,NA,NA,0
429,B13-9069,2013-07-24,32.88888,-117.53777,834,Canyon Bottom,14.850000380000001,NA,NA,0
430,B13-9071,2013-07-24,32.90251,-117.50564,805,Canyon Bottom,14.850000380000001,NA,NA,0
431,B13-9073,2013-07-17,32.90951,-117.2978,190,Outer Shelf,18.81999969,NA,NA,0
432,B13-9074,2013-07-17,32.90951,-117.3123,308,Upper Slope,19.450000760000002,HDPE,Line,1
433,B13-9074,2013-07-17,32.90951,-117.3123,308,Upper Slope,19.450000760000002,Nylon,Line,1
434,B13-9076,2013-07-17,32.91645,-117.36338,529,Canyon Bottom,14.850000380000001,NA,NA,0
435,B13-9080,2013-07-25,32.92487,-117.26565,11,Inner Shelf,35.65000153,NA,NA,0
436,B13-9084,2013-07-17,32.93167,-117.39472,562,Lower Slope,68.83000183,NA,NA,0
437,B13-9085,2013-07-29,32.93232,-117.53423,800,Lower Slope,68.83000183,NA,NA,0
438,B13-9087,2013-07-25,33.00268,-117.29807,32,MPA,6.34999991,NA,NA,0
439,B13-9091,2013-07-25,33.01783,-117.34105,251,MPA,92.62000275,HDPE,Line,1
440,B13-9091,2013-07-25,33.01783,-117.34105,251,MPA,92.62000275,HDPE,Line,3
441,B13-9092,2013-07-25,33.0268,-117.337,173,MPA,4.34999991,NA,NA,0
442,B13-9093,2013-07-29,33.03243,-117.66875,854,Lower Slope,572.1300049,NA,NA,0
443,B13-9095,2013-07-23,33.03887,-117.50196,676,Canyon Bottom,5.98999977,NA,NA,0
444,B13-9099,2013-07-23,33.06344,-117.49002,634,Canyon Bottom,5.98999977,Nylon,Line,1
445,B13-9100,2013-07-25,33.06737,-117.36733,189,Outer Shelf,18.81999969,NA,NA,0
446,B13-9104,2013-07-25,33.0834,-117.34258,62,Mid Shelf,65.90000153,NA,NA,0
447,B13-9105,2013-07-23,33.08752,-117.3509,73,Mid Shelf,65.90000153,NA,NA,0
448,B13-9106,2013-07-23,33.09119,-117.43271,485,Canyon Bottom,5.98999977,NA,NA,0
449,B13-9107,2013-07-23,33.09383,-117.41715,405,Upper Slope,92.62000275,Nylon,Line,1
450,B13-9109,2013-07-25,33.10192,-117.6311,788,Lower Slope,572.1300049,NA,NA,0
451,B13-9111,2013-07-25,33.10526,-117.36216,85,Mid Shelf,65.90000153,PS,Foam Foam,1
452,B13-9111,2013-07-25,33.10526,-117.36216,85,Mid Shelf,65.90000153,PET (or PC),Pellets,1
453,B13-9121,2013-07-25,33.17577,-117.38153,14,Inner Shelf,35.65000153,NA,NA,0
454,B13-9122,2013-07-30,33.1883667,-117.495459,256,Upper Slope,92.62000275,NA,NA,0
455,B13-9125,2013-07-30,33.22083333,-117.5117513,186,Outer Shelf,18.81999969,NA,NA,0
456,B13-9129,2013-07-30,33.26619873,-117.5339355,62,Mid Shelf,65.90000153,NA,NA,0
457,B13-9130,2013-07-30,33.26901855,-117.539502,62,Mid Shelf,65.90000153,NA,NA,0
458,B13-9131,2013-07-30,33.26975098,-117.5648275,78,Mid Shelf,65.90000153,NA,NA,0
459,B13-9132,2013-09-09,33.27403158,-118.086377,826,Lower Slope,572.1300049,HDPE,Fragments,1
460,B13-9132,2013-09-09,33.27403158,-118.086377,826,Lower Slope,572.1300049,HDPE,Line,1
461,B13-9132,2013-09-09,33.27403158,-118.086377,826,Lower Slope,572.1300049,PET (or PC),Line,1
462,B13-9133,2013-09-09,33.31746826,-118.160612,787,Lower Slope,572.1300049,NA,NA,0
463,B13-9135,2013-07-30,33.35303141,-117.5640462,11,Inner Shelf,35.65000153,NA,NA,0
464,B13-9137,2013-07-30,33.36876628,-117.6898763,411,Upper Slope,92.62000275,NA,NA,0
465,B13-9148,2013-07-31,33.46395,-118.39474,595,Lower Slope,572.1300049,NA,NA,0
466,B13-9149,2013-07-16,33.46389974,-117.9192708,558,Lower Slope,572.1300049,Nylon,Fragments,1
467,B13-9150,2013-07-17,33.46428223,-117.7621745,151,Outer Shelf,18.81999969,NA,NA,0
468,B13-9151,2013-07-15,33.46416829,-118.0658366,582,Canyon Bottom,10.88000011,PET (or PC),Fragments,1
469,B13-9152,2013-07-31,33.47408447,-117.7364746,27,MPA,5.6999998099999996,Nylon,Fragments,1
470,B13-9155,2013-07-31,33.48691,-118.42353,900,Lower Slope,572.1300049,NA,NA,0
471,B13-9159,2013-07-31,33.50058187,-117.7533691,23,MPA,5.6999998099999996,NA,NA,0
472,B13-9160,2103-07-16,33.50354818,-117.9155762,501,Canyon Bottom,2.42000008,NA,NA,0
473,B13-9161,2013-07-31,33.50483398,-117.7729818,50,MPA,3.91000009,Nylon,Fragments,1
474,B13-9163,2013-07-17,33.5079834,-117.8141602,435,MPA,2.59999991,NA,NA,0
475,B13-9166,2013-07-31,33.51216634,-117.7714844,41,Mid Shelf,3.91000009,Nylon,Line,1
476,B13-9170,2013-07-15,33.51513265,-118.0776042,484,Canyon Bottom,10.88000011,HDPE,Fragments,1
477,B13-9170,2013-07-15,33.51513265,-118.0776042,484,Canyon Bottom,10.88000011,HDPE,Line,1
478,B13-9171,2013-07-17,33.52083333,-117.7704753,16,Inner Shelf,6.34999991,NA,NA,0
479,B13-9173,2013-07-17,33.52438151,-117.795638,60,MPA,9.43999958,PU,Foam Fragments,1
480,B13-9173,2013-07-17,33.52438151,-117.795638,60,MPA,9.43999958,Nylon,Line,2
481,B13-9174,2013-07-17,33.53681641,-117.8477051,345,Upper Slope,92.62000275,HDPE,Fragments,1
482,B13-9174,2013-07-17,33.53681641,-117.8477051,345,Upper Slope,92.62000275,Nylon,Fragments,1
483,B13-9177,2013-07-17,33.54816488,-117.8252441,55,MPA,3.91000009,NA,NA,0
484,B13-9178,2013-07-16,33.55368245,-117.9287923,359,Canyon Bottom,2.42000008,HDPE,Fragments,2
485,B13-9178,2013-07-16,33.55368245,-117.9287923,359,Canyon Bottom,2.42000008,Nylon,Fragments,1
486,B13-9179,2013-07-18,33.55609945,-118.0219564,227,Upper Slope,92.62000275,NA,NA,0
487,B13-9185,2013-07-16,33.5649821,-118.0190267,142,Outer Shelf,18.81999969,HDPE,Fragments,2
488,B13-9185,2013-07-16,33.5649821,-118.0190267,142,Outer Shelf,18.81999969,HDPE,Line,1
489,B13-9186,2013-07-17,33.5652181,-117.8475098,47,MPA,3.91000009,HDPE,Line,1
490,B13-9190,2013-07-31,33.57922,-118.32894,690,Lower Slope,572.1300049,Nylon,Fragments,1
491,B13-9190,2013-07-31,33.57922,-118.32894,690,Lower Slope,572.1300049,Nylon,Line,1
492,B13-9190,2013-07-31,33.57922,-118.32894,690,Lower Slope,572.1300049,Nylon,Film,1
493,B13-9190,2013-07-31,33.57922,-118.32894,690,Lower Slope,572.1300049,PVC,Fragments,1
494,B13-9190,2013-07-31,33.57922,-118.32894,690,Lower Slope,572.1300049,Unknown,Unknown,1
495,B13-9192,2013-07-31,33.58120117,-117.8680827,23,MPA,5.6999998099999996,NA,NA,0
496,B13-9193,2013-07-15,33.58448486,-118.1133138,155,Canyon Bottom,10.88000011,NA,NA,0
497,B13-9194,2013-07-17,33.58993327,-117.8946452,34,Mid Shelf,65.90000153,Nylon,Fragments,1
498,B13-9197,2013-07-17,33.60030111,-117.9332194,63,Canyon Bottom,2.42000008,HDPE,Fragments,1
499,B13-9197,2013-07-17,33.60030111,-117.9332194,63,Canyon Bottom,2.42000008,PET (or PC),Fragments,1
500,B13-9197,2013-07-17,33.60030111,-117.9332194,63,Canyon Bottom,2.42000008,Too small to test,Too small to test,1
501,B13-9199,2013-07-15,33.60211589,-118.0566406,37,Mid Shelf,65.90000153,NA,NA,0
502,B13-9201,2013-07-31,33.61355,-118.72014,750,Lower Slope,572.1300049,NA,NA,0
503,B13-9202,2013-07-10,33.621,-118.195,43,Mid Shelf,65.90000153,NA,NA,0
504,B13-9204,2013-07-13,33.62801514,-117.9873535,13,Inner Shelf,35.65000153,HDPE,Fragments,2
505,B13-9205,2013-08-28,33.63057,-118.26751,200,Canyon Bottom,1.49000001,HDPE,Line,1
506,B13-9205,2013-08-28,33.63057,-118.26751,200,Canyon Bottom,1.49000001,PP,Line,1
507,B13-9205,2013-08-28,33.63057,-118.26751,200,Canyon Bottom,1.49000001,Too small to test,Too small to test,1
508,B13-9207,2013-08-29,33.63781,-118.30256,613,Lower Slope,1.49000001,HDPE,Line,4
509,B13-9207,2013-08-29,33.63781,-118.30256,613,Lower Slope,1.49000001,Nylon,Fragments,1
510,B13-9207,2013-08-29,33.63781,-118.30256,613,Lower Slope,1.49000001,Nylon,Line,1
511,B13-9210,2013-08-28,33.6391,-118.34243,700,Canyon Bottom,1.49000001,NA,NA,0
512,B13-9211,2013-08-29,33.64003,-118.33711,710,Canyon Bottom,1.49000001,Nylon,Pellets,2
513,B13-9211,2013-08-29,33.64003,-118.33711,710,Canyon Bottom,1.49000001,Nylon,Line,1
514,B13-9211,2013-08-29,33.64003,-118.33711,710,Canyon Bottom,1.49000001,PET (or PC),Pellets,1
515,B13-9217,2013-07-10,33.6481,-118.149,31,Mid Shelf,65.90000153,NA,NA,0
516,B13-9219,2013-07-15,33.65480143,-118.0585938,18,Inner Shelf,35.65000153,NA,NA,0
517,B13-9221,2013-07-10,33.6596,-118.131,27,Inner Shelf,35.65000153,Nylon,Film,1
518,B13-9221,2013-07-10,33.6596,-118.131,27,Inner Shelf,35.65000153,Unknown,Unknown,0
519,B13-9223,2013-07-08,33.6759,-118.332,470,Upper Slope,92.62000275,PU,Foam Foam,2
520,B13-9223,2013-07-08,33.6759,-118.332,470,Upper Slope,92.62000275,HDPE,Pellets,1
521,B13-9223,2013-07-08,33.6759,-118.332,470,Upper Slope,92.62000275,HDPE,Film,6
522,B13-9223,2013-07-08,33.6759,-118.332,470,Upper Slope,92.62000275,PP,Line,1
523,B13-9223,2013-07-08,33.6759,-118.332,470,Upper Slope,92.62000275,Nylon,Fragments,7
524,B13-9223,2013-07-08,33.6759,-118.332,470,Upper Slope,92.62000275,Nylon,Film,4
525,B13-9223,2013-07-08,33.6759,-118.332,470,Upper Slope,92.62000275,Unknown,Unknown,2
526,B13-9225,2013-08-28,33.68738,-118.52052,820,Canyon Bottom,3.51999998,NA,NA,0
527,B13-9228,2013-07-08,33.6942,-118.347,257,Upper Slope,92.62000275,HDPE,Fragments,2
528,B13-9228,2013-07-08,33.6942,-118.347,257,Upper Slope,92.62000275,HDPE,Film,1
529,B13-9228,2013-07-08,33.6942,-118.347,257,Upper Slope,92.62000275,Nylon,Fragments,4
530,B13-9228,2013-07-08,33.6942,-118.347,257,Upper Slope,92.62000275,Nylon,Line,1
531,B13-9228,2013-07-08,33.6942,-118.347,257,Upper Slope,92.62000275,Unknown,Unknown,3
532,B13-9229,2013-07-09,33.6952,-118.296,27,Inner Shelf,35.65000153,HDPE,Film,1
533,B13-9231,2013-08-28,33.69811,-118.43213,820,MPA,9.01000023,Nylon,Pellets,1
534,B13-9236,2013-08-27,33.71168,-118.4589,810,MPA,9.01000023,Nylon,Pellets,1
535,B13-9237,2013-07-11,33.7215,-118.418,295,MPA,17.75,HDPE,Fragments,7
536,B13-9237,2013-07-11,33.7215,-118.418,295,MPA,17.75,HDPE,Line,1
537,B13-9237,2013-07-11,33.7215,-118.418,295,MPA,17.75,Nylon,Fragments,5
538,B13-9237,2013-07-11,33.7215,-118.418,295,MPA,17.75,Nylon,Pellets,6
539,B13-9237,2013-07-11,33.7215,-118.418,295,MPA,17.75,Nylon,Line,1
540,B13-9237,2013-07-11,33.7215,-118.418,295,MPA,17.75,PET (or PC),Fragments,2
541,B13-9237,2013-07-11,33.7215,-118.418,295,MPA,17.75,PET (or PC),Pellets,1
542,B13-9239,2013-07-09,33.7224,-118.1548167,16,Inner Shelf,35.65000153,HDPE,Fragments,3
543,B13-9239,2013-07-09,33.7224,-118.1548167,16,Inner Shelf,35.65000153,PET (or PC),Fragments,1
544,B13-9241,2013-08-26,33.72519,-118.45571,770,MPA,9.01000023,Nylon,Pellets,8
545,B13-9245,2013-07-11,33.73311667,-118.1218833,5,Inner Shelf,35.65000153,HDPE,Line,2
546,B13-9245,2013-07-11,33.73311667,-118.1218833,5,Inner Shelf,35.65000153,Nylon,Fragments,3
547,B13-9245,2013-07-11,33.73311667,-118.1218833,5,Inner Shelf,35.65000153,Nylon,Pellets,3
548,B13-9245,2013-07-11,33.73311667,-118.1218833,5,Inner Shelf,35.65000153,PET (or PC),Fragments,1
549,B13-9245,2013-07-11,33.73311667,-118.1218833,5,Inner Shelf,35.65000153,PET (or PC),Pellets,2
550,B13-9246,2013-08-27,33.73593,-118.52812,730,Canyon Bottom,3.51999998,HDPE,Fragments,5
551,B13-9246,2013-08-27,33.73593,-118.52812,730,Canyon Bottom,3.51999998,Nylon,Pellets,4
552,B13-9250,2013-08-22,33.7604,-118.54171,660,Canyon Bottom,3.51999998,Nylon,Pellets,1
553,B13-9251,2013-07-09,33.7671,-118.46,127,Outer Shelf,18.81999969,NA,NA,0
554,B13-9257,2013-07-26,33.82928333,-118.4162667,18,Inner Shelf,35.65000153,HDPE,Fragments,2
555,B13-9257,2013-07-26,33.82928333,-118.4162667,18,Inner Shelf,35.65000153,PET (or PC),Fragments,5
556,B13-9257,2013-07-26,33.82928333,-118.4162667,18,Inner Shelf,35.65000153,PET (or PC),Line,1
557,B13-9259,2013-08-14,33.8326,-118.6488,678,Lower Slope,572.1300049,NA,NA,0
558,B13-9263,2013-07-26,33.848,-118.56755,80,Mid Shelf,65.90000153,NA,NA,0
559,B13-9265,2013-07-30,33.85208,-119.19431,845,Lower Slope,572.1300049,Unknown,Unknown,16
560,B13-9266,2013-07-26,33.8604,-118.44775,60,Mid Shelf,65.90000153,NA,NA,0
561,B13-9267,2013-07-26,33.86086667,-118.55915,74,Mid Shelf,65.90000153,NA,NA,0
562,B13-9274,2013-08-20,33.91322,-119.94719,72,Channel Islands,138.9799957,NA,NA,0
563,B13-9277,2013-07-25,33.91866667,-118.5632833,176,Canyon Bottom,2.92000008,PS,Line,3
564,B13-9277,2013-07-25,33.91866667,-118.5632833,176,Canyon Bottom,2.92000008,Nylon,Fragments,23
565,B13-9277,2013-07-25,33.91866667,-118.5632833,176,Canyon Bottom,2.92000008,Nylon,Line,21
566,B13-9277,2013-07-25,33.91866667,-118.5632833,176,Canyon Bottom,2.92000008,Nylon,Film,8
567,B13-9277,2013-07-25,33.91866667,-118.5632833,176,Canyon Bottom,2.92000008,PET (or PC),Fragments,3
568,B13-9277,2013-07-25,33.91866667,-118.5632833,176,Canyon Bottom,2.92000008,Too small to test,Too small to test,1
569,B13-9281,2013-08-13,33.92175,-118.6500167,448,Canyon Bottom,2.92000008,NA,NA,0
570,B13-9284,2013-09-10,33.93569,-118.89715,827,Lower Slope,572.1300049,NA,NA,0
571,B13-9285,2013-07-25,33.9351,-118.5521833,100,Canyon Bottom,2.92000008,HDPE,Fragments,15
572,B13-9285,2013-07-25,33.9351,-118.5521833,100,Canyon Bottom,2.92000008,PS,Fragments,2
573,B13-9285,2013-07-25,33.9351,-118.5521833,100,Canyon Bottom,2.92000008,Nylon,Fragments,10
574,B13-9285,2013-07-25,33.9351,-118.5521833,100,Canyon Bottom,2.92000008,Nylon,Line,14
575,B13-9285,2013-07-25,33.9351,-118.5521833,100,Canyon Bottom,2.92000008,Too small to test,Too small to test,1
576,B13-9287,2013-07-23,33.93488333,-118.5919667,203,Outer Shelf,18.81999969,Metal,Metal,1
577,B13-9290,2013-09-10,33.94136,-118.8445,719,Canyon Bottom,1.22000003,NA,NA,0
578,B13-9292,2013-07-25,33.94356667,-118.51985,48,Mid Shelf,65.90000153,NA,NA,0
579,B13-9295,2013-09-10,33.95007,-118.83696,690,Canyon Bottom,1.22000003,NA,NA,0
580,B13-9303,2013-07-26,33.96241667,-118.4763167,16,Inner Shelf,35.65000153,Nylon,Fragments,1
581,B13-9303,2013-07-26,33.96241667,-118.4763167,16,Inner Shelf,35.65000153,Nylon,Line,2
582,B13-9303,2013-07-26,33.96241667,-118.4763167,16,Inner Shelf,35.65000153,Nylon,Film,3
583,B13-9304,2013-08-20,33.96426,-119.85254,25,Channel Islands,138.9799957,NA,NA,0
584,B13-9305,2013-08-12,33.96633333,-118.8111167,564,Canyon Bottom,1.22000003,Nylon,Pellets,1
585,B13-9307,2013-07-29,33.96886,-119.07025,755,Canyon Bottom,1.5,HDPE,Fragments,5
586,B13-9307,2013-07-29,33.96886,-119.07025,755,Canyon Bottom,1.5,Unknown,Unknown,3
587,B13-9309,2013-09-13,33.97743,-118.87635,499,Upper Slope,92.62000275,NA,NA,0
588,B13-9310,2013-08-12,33.98196667,-118.8140833,169,Outer Shelf,4.34999991,NA,NA,0
589,B13-9311,2013-08-13,33.9817,-118.8017333,462,MPA,17.75,NA,NA,0
590,B13-9314,2013-09-18,33.99165,-118.85737,167,MPA,4.34999991,NA,NA,0
591,B13-9315,2013-08-20,33.99451,-120.33739,72,Channel Islands,138.9799957,NA,NA,0
592,B13-9316,2013-08-14,33.99496667,-118.6327,62,Mid Shelf,65.90000153,NA,NA,0
593,B13-9319,2013-08-14,33.99775,-118.4917833,8,Inner Shelf,35.65000153,Nylon,Fragments,1
594,B13-9320,2013-09-18,33.99901,-118.86873,98,MPA,9.43999958,NA,NA,0
595,B13-9321,2013-09-24,34.00042,-118.81478,44,MPA,9.43999958,HDPE,Line,1
596,B13-9321,2013-09-24,34.00042,-118.81478,44,MPA,9.43999958,HDPE,Film,2
597,B13-9321,2013-09-24,34.00042,-118.81478,44,MPA,9.43999958,PS,Pellets,1
598,B13-9321,2013-09-24,34.00042,-118.81478,44,MPA,9.43999958,Unknown,Unknown,0
599,B13-9323,2013-09-24,34.00115,-118.82446,39,MPA,9.43999958,NA,NA,0
600,B13-9326,2013-07-23,34.00516667,-118.7666333,39,Mid Shelf,65.90000153,HDPE,Film,1
601,B13-9326,2013-07-23,34.00516667,-118.7666333,39,Mid Shelf,65.90000153,Nylon,Fragments,1
602,B13-9326,2013-07-23,34.00516667,-118.7666333,39,Mid Shelf,65.90000153,Nylon,Line,3
603,B13-9329,2013-08-20,34.0113,-120.47439,95,Channel Islands,138.9799957,NA,NA,0
604,B13-9331,2013-07-23,34.01305,-118.6702,41,Mid Shelf,65.90000153,NA,NA,0
605,B13-9332,2013-07-29,34.01401,-119.09466,660,Canyon Bottom,0,Too small to test,Too small to test,1
606,B13-9336,2013-07-23,34.01915,-118.74315,23,Inner Shelf,35.65000153,NA,NA,0
607,B13-9338,2013-07-30,34.0213,-119.22674,595,Canyon Bottom,1.84000003,HDPE,Fragments,7
608,B13-9338,2013-07-30,34.0213,-119.22674,595,Canyon Bottom,1.84000003,HDPE,Line,5
609,B13-9338,2013-07-30,34.0213,-119.22674,595,Canyon Bottom,1.84000003,Nylon,Fragments,7
610,B13-9338,2013-07-30,34.0213,-119.22674,595,Canyon Bottom,1.84000003,Nylon,Line,10
611,B13-9339,2013-09-18,34.02233,-118.86721,42,MPA,9.43999958,NA,NA,0
612,B13-9341,2013-07-23,34.02296667,-118.5926167,23,Inner Shelf,35.65000153,NA,NA,0
613,B13-9343,2013-08-21,34.03011,-119.42289,82,Channel Islands,138.9799957,PET (or PC),Fragments,1
614,B13-9345,2013-08-21,34.0336,-119.3498,84,Channel Islands,138.9799957,HDPE,Fragments,1
615,B13-9345,2013-08-21,34.0336,-119.3498,84,Channel Islands,138.9799957,Nylon,Line,2
616,B13-9346,2013-09-18,34.03679,-118.91686,15,Inner Shelf,35.65000153,NA,NA,0
617,B13-9347,2013-07-29,34.03989,-119.23463,550,Canyon Bottom,1.84000003,HDPE,Fragments,3
618,B13-9348,2013-07-29,34.0416,-119.19757,400,Upper Slope,92.62000275,HDPE,Fragments,1
619,B13-9349,2013-07-29,34.04245,-119.08589,562,Canyon Bottom,1.5,PVC,Fragments,1
620,B13-9349,2013-07-29,34.04245,-119.08589,562,Canyon Bottom,1.5,PET (or PC),Fragments,5
621,B13-9349,2013-07-29,34.04245,-119.08589,562,Canyon Bottom,1.5,PET (or PC),Film,1
622,B13-9350,2013-07-29,34.04413,-119.05558,205,Outer Shelf,18.81999969,HDPE,Fragments,2
623,B13-9351,2013-08-20,34.04681,-120.48995,75,Channel Islands,138.9799957,PU,Foam Fragments,1
624,B13-9351,2013-08-20,34.04681,-120.48995,75,Channel Islands,138.9799957,HDPE,Fragments,1
625,B13-9351,2013-08-20,34.04681,-120.48995,75,Channel Islands,138.9799957,HDPE,Line,2
626,B13-9351,2013-08-20,34.04681,-120.48995,75,Channel Islands,138.9799957,PS,Fragments,2
627,B13-9351,2013-08-20,34.04681,-120.48995,75,Channel Islands,138.9799957,Nylon,Fragments,2
628,B13-9351,2013-08-20,34.04681,-120.48995,75,Channel Islands,138.9799957,Nylon,Line,1
629,B13-9354,2013-07-29,34.05079,-119.21587,240,Upper Slope,92.62000275,HDPE,Fragments,1
630,B13-9354,2013-07-29,34.05079,-119.21587,240,Upper Slope,92.62000275,HDPE,Line,1
631,B13-9356,2013-09-06,34.05333,-119.14898,125,Outer Shelf,18.81999969,Nylon,Fragments,3
632,B13-9357,2013-08-21,34.05849,-119.4966,82,Channel Islands,138.9799957,PS,Fragments,1
633,B13-9359,2013-09-06,34.06645,-119.13405,186,Outer Shelf,18.81999969,NA,NA,0
634,B13-9360,2013-08-21,34.06662,-119.58824,88,Channel Islands,138.9799957,PS,Fragments,1
635,B13-9363,2013-08-21,34.07505,-119.74828,88,Channel Islands,138.9799957,NA,NA,0
636,B13-9365,2013-08-21,34.0788,-119.50937,130,Channel Islands,138.9799957,NA,NA,0
637,B13-9366,2013-08-21,34.07857,-119.70034,92,Channel Islands,138.9799957,PU,Foam Foam,1
638,B13-9366,2013-08-21,34.07857,-119.70034,92,Channel Islands,138.9799957,HDPE,Film,1
639,B13-9369,2013-09-13,34.08348,-119.09496,157,Canyon Bottom,1.5,NA,NA,0
640,B13-9371,2013-09-13,34.09077,-119.23904,341,Canyon Bottom,1.84000003,HDPE,Fragments,1
641,B13-9372,2013-08-21,34.10102,-119.15105,15,Inner Shelf,35.65000153,NA,NA,0
642,B13-9373,2013-08-20,34.1018,-120.14144,102,Channel Islands,138.9799957,NA,NA,0
643,B13-9375,2013-08-21,34.10979,-119.22115,137,Outer Shelf,18.81999969,NA,NA,0
644,B13-9376,2013-08-20,34.11211,-120.02527,110,Channel Islands,138.9799957,HDPE,Line,1
645,B13-9377,2013-08-21,34.11344,-119.18049,17,Inner Shelf,35.65000153,NA,NA,0
646,B13-9378,2013-08-20,34.11525,-119.93538,100,Channel Islands,138.9799957,NA,NA,0
647,B13-9379,2013-09-11,34.11828,-119.6289,259,Upper Slope,92.62000275,NA,NA,0
648,B13-9383,2013-08-21,34.12508,-119.19282,15,Inner Shelf,35.65000153,NA,NA,0
649,B13-9387,2013-09-10,34.144,-120.17799,430,Upper Slope,92.62000275,NA,NA,0
650,B13-9388,2013-09-11,34.1457,-119.76997,363,Upper Slope,92.62000275,NA,NA,0
651,B13-9391,2013-09-11,34.15835,-119.82779,406,Upper Slope,92.62000275,NA,NA,0
652,B13-9394,2013-09-12,34.16882,-119.54209,240,Upper Slope,92.62000275,NA,NA,0
653,B13-9395,2013-08-20,34.16911,-119.46025,127,Outer Shelf,18.81999969,Nylon,Fragments,11
654,B13-9396,2013-09-11,34.17111,-119.87681,462,Upper Slope,92.62000275,NA,NA,0
655,B13-9397,2013-08-20,34.17866,-119.34696,26,Inner Shelf,35.65000153,NA,NA,0
656,B13-9398,2013-09-11,34.17883,-119.61224,258,Upper Slope,92.62000275,NA,NA,0
657,B13-9399,2013-09-10,34.18244,-120.40733,255,Upper Slope,92.62000275,NA,NA,0
658,B13-9400,2013-09-10,34.18317,-120.35125,457,Upper Slope,92.62000275,Nylon,Fragments,1
659,B13-9400,2013-09-10,34.18317,-120.35125,457,Upper Slope,92.62000275,Unknown,Unknown,0
660,B13-9403,2013-09-12,34.20654,-119.63271,154,Outer Shelf,18.81999969,Unknown,Unknown,5
661,B13-9407,2013-09-12,34.21624,-119.60597,164,Outer Shelf,18.81999969,HDPE,Fragments,4
662,B13-9407,2013-09-12,34.21624,-119.60597,164,Outer Shelf,18.81999969,Nylon,Fragments,2
663,B13-9407,2013-09-12,34.21624,-119.60597,164,Outer Shelf,18.81999969,Nylon,Line,1
664,B13-9407,2013-09-12,34.21624,-119.60597,164,Outer Shelf,18.81999969,Unknown,Unknown,1
665,B13-9409,2013-08-20,34.21804,-119.29495,17,Inner Shelf,35.65000153,NA,NA,0
666,B13-9413,2013-09-12,34.22412,-119.60608,146,Outer Shelf,18.81999969,HDPE,Fragments,1
667,B13-9413,2013-09-12,34.22412,-119.60608,146,Outer Shelf,18.81999969,PP,Fragments,1
668,B13-9414,2013-09-11,34.22494,-119.73197,198,Outer Shelf,18.81999969,NA,NA,0
669,B13-9415,2013-08-08,34.22711587,-119.6978877,140,Outer Shelf,18.81999969,NA,NA,0
670,B13-9416,2013-09-12,34.2303,-119.68726,138,Outer Shelf,18.81999969,NA,NA,0
671,B13-9417,2013-09-12,34.23287,-119.70663,159,Outer Shelf,18.81999969,NA,NA,0
672,B13-9421,2013-08-20,34.24474,-119.37041,25,Inner Shelf,35.65000153,NA,NA,0
673,B13-9424,2013-08-08,34.25507566,-119.4763999,64,Mid Shelf,65.90000153,HDPE,Fragments,1
674,B13-9424,2013-08-08,34.25507566,-119.4763999,64,Mid Shelf,65.90000153,Nylon,Fragments,3
675,B13-9426,2013-09-11,34.2584,-119.81035,298,Upper Slope,92.62000275,NA,NA,0
676,B13-9427,2013-09-10,34.26,-120.28129,462,Upper Slope,92.62000275,HDPE,Fragments,1
677,B13-9427,2013-09-10,34.26,-120.28129,462,Upper Slope,92.62000275,Nylon,Fragments,1
678,B13-9428,2013-09-11,34.26088,-119.76726,195,Outer Shelf,18.81999969,HDPE,Fragments,4
679,B13-9432,2013-09-11,34.27783,-119.71844,202,Outer Shelf,18.81999969,NA,NA,0
680,B13-9433,2013-08-08,34.27868345,-119.5831344,91,Mid Shelf,65.90000153,HDPE,Line,2
681,B13-9434,2013-09-23,34.28382,-119.35473,18,Inner Shelf,35.65000153,NA,NA,0
682,B13-9435,2013-09-09,34.2846,-120.42389,421,Upper Slope,92.62000275,NA,NA,0
683,B13-9436,2013-09-09,34.28685,-120.45566,430,Upper Slope,92.62000275,NA,NA,0
684,B13-9440,2013-09-12,34.308,-119.71274,139,Outer Shelf,18.81999969,HDPE,Fragments,4
685,B13-9440,2013-09-12,34.308,-119.71274,139,Outer Shelf,18.81999969,HDPE,Line,1
686,B13-9440,2013-09-12,34.308,-119.71274,139,Outer Shelf,18.81999969,PET (or PC),Fragments,4
687,B13-9443,2013-09-09,34.31423,-120.28184,392,Upper Slope,92.62000275,NA,NA,0
688,B13-9444,2013-09-11,34.31999,-119.75116,161,Outer Shelf,18.81999969,NA,NA,0
689,B13-9447,2013-08-08,34.34264867,-119.4581275,23,Inner Shelf,35.65000153,NA,NA,0
690,B13-9448,2013-08-06,34.34373814,-119.7742132,88,Mid Shelf,65.90000153,NA,NA,0
691,B13-9449,2013-09-23,34.34401,-119.56216,44,Mid Shelf,65.90000153,NA,NA,0
692,B13-9450,2013-09-09,34.34418,-120.36868,288,Upper Slope,92.62000275,PET (or PC),Fragments,3
693,B13-9450,2013-09-09,34.34418,-120.36868,288,Upper Slope,92.62000275,Unknown,Unknown,4
694,B13-9454,2013-08-06,34.35917,-119.84953,104,MPA,9.43999958,NA,NA,0
695,B13-9455,2013-09-10,34.3605,-119.89182,180,Outer Shelf,4.34999991,HDPE,Fragments,4
696,B13-9456,2013-08-07,34.36104813,-119.8498224,93,Mid Shelf,9.43999958,NA,NA,0
697,B13-9457,2013-09-10,34.36292,-120.0104,453,Upper Slope,92.62000275,NA,NA,0
698,B13-9458,2013-08-08,34.36814599,-119.5401298,34,Mid Shelf,65.90000153,NA,NA,0
699,B13-9459,2013-09-10,34.36862,-120.11323,436,Upper Slope,92.62000275,Unknown,Unknown,5
700,B13-9464,2013-09-09,34.39477,-120.33174,184,Outer Shelf,18.81999969,NA,NA,0
701,B13-9465,2013-09-23,34.39507,-119.85856,44,MPA,9.43999958,NA,NA,0
702,B13-9466,2013-08-06,34.39593296,-119.6620526,24,Inner Shelf,35.65000153,NA,NA,0
703,B13-9467,2013-08-07,34.39827888,-119.8655646,29,Inner Shelf,6.34999991,NA,NA,0
704,B13-9468,2013-08-07,34.3996858,-119.8749321,26,MPA,6.34999991,NA,NA,0
705,B13-9470,2013-08-07,34.40098769,-119.8329831,29,Mid Shelf,65.90000153,NA,NA,0
706,B13-9474,2013-09-23,34.40678,-120.41695,84,MPA,9.43999958,NA,NA,0
707,B13-9476,2013-09-09,34.41985,-120.2696,159,Outer Shelf,18.81999969,NA,NA,0
708,B13-9481,2013-09-23,34.44276,-120.42773,23,MPA,6.34999991,NA,NA,0
709,B13-9482,2013-09-23,34.44365,-120.28533,20,Mid Shelf,35.65000153,NA,NA,0
710,B13-9484,2013-09-23,34.45857,-120.31701,18,Inner Shelf,35.65000153,NA,NA,0
711,B13-9487,2013-09-23,34.46461,-120.17987,18,Inner Shelf,35.65000153,NA,NA,0
