,tag,station,stratum,latitude,longitude
1,River 2013,SMC01912,Urban,34.234296,-118.602959
2,River 2013,SMC01923,Urban,33.672216,-117.788723
3,River 2013,SMC01934,Urban,33.490002,-117.665955
4,River 2013,SMC01982,Urban,33.91694,-118.038364
5,River 2013,SMC01987,Urban,33.590288,-117.711855
6,River 2013,SMC01990,Urban,32.796538,-117.113274
7,River 2013,SMC02028,Urban,34.128683,-118.165539
8,River 2013,SMC02088,Open,34.302261,-118.259597
9,River 2013,SMC02092,Open,34.279482,-118.206846
10,River 2013,SMC02123,Urban,34.108137,-117.201677
11,River 2013,SMC02145,Agriculture,33.269344,-117.031468
12,River 2013,SMC02174,Urban,34.005119,-117.969223
13,River 2013,SMC02206,Urban,33.870989,-117.850027
14,River 2013,SMC02208,Urban,34.128351,-117.774842
15,River 2013,SMC02232,Urban,34.232415,-118.552402
16,River 2013,SMC02270,Urban,33.795739,-117.772416
17,River 2013,SMC02284,Urban,34.065423,-117.949399
18,River 2013,SMC02302,Urban,33.815305,-118.041286
19,River 2013,SMC02363,Open,34.558855,-119.154565
20,River 2013,SMC02417,Urban,33.133854,-117.062362
21,River 2013,SMC02464,Open,34.246354,-117.643214
22,River 2013,SMC02484,Urban,34.145104,-118.367645
23,River 2013,SMC02488,Urban,34.24585,-118.543435
24,River 2013,SMC02561,Open,33.129743,-116.635916
25,River 2013,SMC02567,Open,34.184717,-116.896877
26,River 2013,SMC02568,Open,34.278661,-118.220314
27,River 2013,SMC02712,Open,34.361795,-118.303487
28,River 2013,SMC02749,Urban,33.930154,-117.374356
29,River 2013,SMC02764,Open,34.447782,-118.754901
30,River 2013,SMC02796,Urban,34.083977,-118.086323
31,River 2013,SMC02804,Urban,34.145341,-118.408663
32,River 2013,SMC02888,Open,34.544013,-118.436264
33,River 2013,SMC02902,Urban,32.949075,-117.064432
34,River 2013,SMC02905,Urban,33.240931,-117.328701
35,River 2013,SMC02936,Urban,34.185903,-118.642105
36,River 2013,SMC02947,Urban,33.699192,-117.811432
37,River 2013,SMC02972,Open,34.249578,-118.075503
38,River 2013,SMC03011,Urban,33.6145,-117.695501
39,River 2013,SMC03110,Urban,32.811057,-117.073358
40,River 2013,SMC03111,Open,34.245366,-117.610538
41,River 2013,SMC03210,Open,33.003129,-116.729186
42,River 2013,SMC03216,Open,34.280921,-117.840935
43,River 2013,SMC03222,Urban,33.022094,-117.06725
44,River 2013,SMC03234,Open,33.661524,-116.627414
45,River 2013,SMC03280,Open,34.256856,-117.856527
46,River 2013,SMC03438,Open,33.937083,-117.792529
47,River 2013,SMC03452,Open,34.303549,-117.832306
48,River 2013,SMC03488,Open,34.248016,-117.626851
49,River 2013,SMC03510,Open,32.563637,-116.787345
50,River 2013,SMC03523,Urban,33.584781,-117.664379
51,River 2013,SMC03646,Urban,33.9784,-118.169105
52,River 2013,SMC03737,Urban,33.119688,-117.092598
53,River 2013,SMC03786,Open,32.894218,-116.658443
54,River 2013,SMC03929,Urban,33.178652,-117.304535
55,River 2013,SMC03971,Urban,33.675511,-117.827752
56,River 2013,SMC03984,Open,34.246131,-117.901868
57,River 2013,SMC04078,Urban,33.997617,-117.72327
58,River 2013,SMC04121,Urban,33.184665,-117.198338
59,River 2013,SMC04134,Open,32.828743,-117.05243
60,River 2013,SMC04204,Open,34.203587,-118.018534
61,River 2013,SMC04309,Open,33.474861,-117.466052
62,River 2013,SMC04409,Open,33.603476,-117.453146
63,River 2013,SMC04426,Open,33.006967,-116.669951
64,River 2013,SMC04432,Open,34.410891,-118.148816
65,River 2013,SMC04441,Urban,33.174449,-117.276888
66,River 2013,SMC04471,Urban,34.111069,-117.147564
67,River 2013,SMC04524,Open,34.247611,-118.033674
68,River 2013,SMC04532,Urban,34.155954,-118.287714
69,River 2013,SMC04565,Open,33.531606,-117.414154
70,River 2013,SMC04661,Open,33.406069,-117.224996
71,River 2013,SMC04682,Open,32.971153,-116.648146
72,River 2013,SMC04806,Urban,32.890367,-117.193586
73,River 2013,SMC04868,Agriculture,34.404915,-118.939435
74,River 2013,SMC04880,Open,34.308848,-118.09829
75,River 2013,SMC04934,Urban,33.033129,-117.162704
76,River 2013,SMC04972,Open,34.240519,-117.934666
77,River 2013,SMC05017,Urban,33.112709,-117.107772
78,River 2013,SMC05020,Open,34.232029,-118.176577
79,River 2013,SMC05127,Open,34.182821,-117.009682
80,River 2013,SMC05146,Open,32.845269,-116.613469
81,River 2013,SMC05165,Urban,33.581834,-117.255719
82,River 2013,SMC05173,Open,33.397108,-117.283647
83,River 2013,SMC05230,Urban,33.873084,-117.750774
84,River 2013,SMC00957,Urban,33.961957,-117.370757
85,River 2013,SMC05379,Urban,33.727772,-117.779134
86,River 2013,SMC05383,Open,34.165637,-117.015477
87,River 2013,SMC05402,Open,32.804685,-116.573111
88,River 2013,SMC05514,Open,32.97974,-116.742466
89,River 2013,SMC05640,Open,34.282339,-118.222031
90,River 2013,SMC05848,Open,34.319046,-118.318558
91,River 2013,SMC05856,Open,34.191524,-117.676019
92,River 2013,SMC05968,Open,34.234895,-117.805548
93,River 2013,SMC06044,Open,34.21452,-118.174132
94,River 2013,SMC06113,Open,33.264518,-116.813079
95,River 2013,SMC06139,Open,34.55464,-119.240503
96,River 2013,SMC06231,Open,34.232986,-117.430198
97,River 2013,SMC06283,Open,34.693866,-118.860798
98,River 2013,SMC06288,Open,34.266787,-117.844095
99,River 2013,SMC06298,Open,32.912137,-116.57126
100,River 2013,SMC06302,Urban,33.86699,-117.853662
101,River 2013,SMC06315,Open,34.592231,-119.310339
102,River 2013,SMC06458,Urban,32.669016,-117.017241
103,River 2013,SMC06660,Agriculture,34.429633,-118.923739
104,River 2013,SMC06679,Open,34.261882,-117.469381
105,River 2013,SMC06794,Open,32.830396,-116.646872
106,River 2013,SMC06798,Open,33.531543,-117.741447
107,River 2013,SMC06851,Urban,33.550524,-117.675428
108,River 2013,SMC06969,Open,33.553349,-117.395796
109,River 2013,SMC07024,Open,34.6092,-118.757717
110,River 2013,SMC07085,Urban,33.883821,-117.517059
111,River 2013,SMC07227,Open,34.562082,-119.166639
112,River 2013,SMC07485,Agriculture,33.947335,-117.614058
113,River 2013,SMC08094,Urban,33.819517,-117.853601
114,River 2013,SMC08157,Open,33.539134,-117.264841
115,River 2013,SMC08183,Urban,34.073347,-117.304332
116,River 2013,SMC08414,Urban,33.796298,-117.819955
117,River 2013,SMC08727,Open,34.217107,-117.461789
118,River 2013,SMC09091,Urban,33.713352,-117.795747
119,River 2013,SMC09118,Urban,33.808766,-117.86259
120,River 2013,SMC09162,Urban,32.840879,-116.709882
121,River 2013,SMC09174,Urban,32.83971,-117.002
122,River 2013,SMC09325,Agriculture,33.562524,-117.128863
123,River 2013,SMC10146,Open,33.705409,-116.733559
124,River 2013,SMC10259,Urban,33.648887,-117.698455
125,River 2013,SMC11181,Urban,33.888827,-117.502968
126,River 2013,SMC11394,Open,33.712959,-116.767804
127,River 2013,SMC11430,Urban,32.848374,-116.860048
128,River 2013,SMC11593,Agriculture,33.464602,-117.277966
129,River 2013,SMC11685,Urban,33.509877,-117.634825
130,River 2013,SMC11880,Urban,34.125293,-118.708279
131,River 2013,SMC12185,Agriculture,33.099184,-117.130139
132,River 2013,SMC12246,Urban,32.839821,-117.042847
133,River 2013,SMC12862,Urban,33.921483,-118.111491
134,River 2013,SMC12942,Urban,33.477936,-117.678484
135,River 2013,SMC13062,Urban,32.775505,-117.195571
136,River 2013,SMC13076,Open,34.066349,-118.931895
137,River 2013,SMC13187,Urban,33.67808,-117.802457
138,River 2013,SMC13214,Urban,33.804533,-117.872423
139,River 2013,SMC13416,Urban,34.098751,-118.715946
140,River 2013,SMC13630,Urban,33.861193,-118.103514
141,River 2013,SMC13672,Open,34.075401,-118.70292
142,River 2013,SMC14099,Urban,33.627729,-117.735584
143,River 2013,SMC14211,Urban,33.689404,-117.821746
144,River 2013,SMC14218,Urban,32.829985,-116.736039
145,River 2013,SMC14952,Urban,34.14268,-118.700899
146,River 2013,SMC15201,Open,33.117781,-116.854448
147,River 2013,SMC15464,Open,34.096529,-118.667771
148,River 2013,SMC15678,Urban,33.80989,-118.090751
149,River 2013,SMC16045,Urban,33.881907,-117.522493
150,River 2013,SMC16169,Open,33.746559,-117.593511
151,River 2013,SMC16232,Urban,34.125498,-118.753172
152,River 2013,SMC16266,Urban,32.818557,-116.753133
153,River 2013,SMC16332,Open,34.531705,-118.758128
154,River 2013,SMC16493,Open,34.686704,-118.845469
155,River 2013,SMC16892,Agriculture,34.410433,-118.661072
156,River 2013,SMC16978,Open,34.42319,-118.767716
157,River 2013,SMC17016,Open,34.118309,-118.780574
158,River 2013,SMC17378,Agriculture,34.402676,-118.684124
159,River 2013,SMC17692,Agriculture,34.418874,-118.632647
160,River 2013,SMC18093,Open,34.69441,-118.856582
161,River 2013,SMC18116,Urban,34.1569,-118.790484
162,River 2013,SMC18169,Urban,33.891752,-117.571911
163,River 2013,SMC18250,Open,34.132222,-118.82051
164,River 2013,SMC18656,Urban,34.471281,-118.531668
165,River 2013,SMC18666,Urban,34.172068,-118.763755
166,River 2013,SMC19228,Agriculture,32.664054,-116.98501
167,River 2013,SMC19286,Urban,33.718666,-117.788282
168,River 2013,SMC19399,Urban,33.655516,-117.762242
169,River 2013,SMC19466,Urban,34.148837,-118.757504
170,River 2013,SMC19486,Urban,33.676256,-117.826992
171,River 2013,SMC19669,Urban,33.571597,-117.161068
172,River 2013,SMC20092,Agriculture,34.414104,-118.656085
173,River 2013,SMC20994,Urban,34.036391,-118.511299
174,River 2013,SMC21069,Urban,33.596863,-117.124037
175,River 2013,SMC21371,Urban,33.894502,-117.578614
176,River 2013,SMC21382,Agriculture,34.406631,-118.6694
177,River 2013,SMC21796,Urban,33.991089,-118.409162
178,River 2013,SMC21921,Urban,33.887803,-117.505747
179,River 2013,SMC22521,Urban,33.87789,-117.540481
180,River 2013,SMC23297,Open,34.050062,-118.581031
181,River 2013,SMC23495,Urban,32.833825,-116.723021
182,River 2013,SMC24066,Open,34.163219,-118.700774
183,River 2013,SMC24921,Urban,33.878287,-117.553612
184,River 2013,SMC25288,Open,33.719514,-116.762141
185,River 2013,SMC25298,Open,34.045532,-118.687325
186,River 2013,SMC25949,Open,33.794418,-116.748208
187,River 2013,SMC26670,Urban,34.163856,-118.76205
188,River 2013,SMC26694,Urban,32.837708,-116.717062
189,River 2013,SMC26868,Urban,34.096751,-118.717372
190,River 2013,SMC27470,Urban,34.174456,-118.76389
191,River 2013,SMC28068,Urban,34.139362,-118.703664
192,River 2013,SMC28270,Urban,34.136633,-118.757257
193,River 2013,SMC29064,Open,33.795643,-116.742608
194,River 2013,SMC31468,Urban,34.168745,-118.761597
195,River 2013,SMC32468,Open,34.099898,-118.723049
196,River 2013,SMC33179,Open,33.473133,-117.143511
197,River 2013,SMC33361,Open,33.739068,-116.725155
198,River 2013,SMC33561,Open,33.743563,-116.710304
199,River 2013,SMC33670,Urban,34.158248,-118.700126
200,River 2013,SMC34120,Urban,34.165588,-118.789188
201,River 2013,SMC34230,Open,34.069093,-118.586781
202,River 2013,SMC34646,Agriculture,34.425565,-118.566167
203,River 2013,SMC35270,Urban,34.133251,-118.706562
204,River 2013,SMC35418,Open,34.082618,-118.708577
205,River 2013,SMC35837,Open,33.736401,-116.826103
206,River 2013,SMC37670,Urban,34.14074,-118.701178
207,River 2013,SMC37697,Urban,33.879624,-117.214031
208,River 2013,SMC39062,Agriculture,34.432302,-118.617144
209,River 2013,SMC40887,Open,33.763174,-117.46378
210,River 2013,SMC44210,Urban,34.143019,-118.757795
211,River 2013,SMC44532,Open,34.126825,-118.796174
212,River 2013,SMC44642,Open,34.16873,-118.70306
213,River 2013,SMC45233,Open,33.769972,-116.778785
214,River 2013,SMC45622,Open,34.061494,-118.585344
215,River 2013,SMC45745,Open,34.059024,-118.933902
216,River 2013,SMC00198,Urban,32.937095,-117.138512
217,River 2013,SMC00206,Urban,33.543591,-117.659637
218,River 2013,SMC00288,Urban,34.131189,-117.760003
219,River 2013,SMC00318,Urban,33.812879,-118.205589
220,River 2013,SMC00345,Urban,33.210482,-117.224843
221,River 2013,SMC00446,Urban,34.020185,-118.046276
222,River 2013,SMC00520,Open,34.296261,-118.282527
223,River 2013,SMC00544,Urban,34.146774,-117.74153
224,River 2013,SMC00608,Urban,34.123443,-117.902235
225,River 2013,SMC00632,Urban,34.148748,-118.556047
226,River 2013,SMC00665,Urban,33.274005,-117.231591
227,River 2013,SMC00684,Urban,34.096982,-118.023739
228,River 2013,SMC00686,Urban,34.032203,-117.838198
229,River 2013,SMC00702,Urban,33.877956,-118.002975
230,River 2013,SMC00748,Urban,34.075488,-118.078808
231,River 2013,SMC00766,Urban,33.657186,-117.837392
232,River 2013,SMC00791,Open,34.279201,-117.446638
233,River 2013,SMC00830,Urban,33.943059,-118.166062
234,River 2013,SMC00857,Urban,33.246098,-117.300885
235,River 2013,SMC00873,Urban,33.598493,-117.626682
236,River 2013,SMC00899,Urban,33.717471,-117.788803
237,River 2013,SMC00903,Open,34.178323,-116.847298
238,River 2013,SMC00926,Urban,33.907395,-117.882968
239,River 2013,SMC00958,Urban,33.825326,-117.998944
240,River 2013,SMC00963,Urban,33.564016,-117.651403
241,River 2013,SMC01046,Urban,32.795095,-117.184945
242,River 2013,SMC01136,Open,34.627623,-118.74403
243,River 2013,SMC01142,Open,32.735477,-116.652682
244,River 2013,SMC01174,Urban,33.016775,-117.016461
245,River 2013,SMC01248,Open,34.258957,-117.744993
246,River 2013,SMC01257,Urban,33.608422,-117.618596
247,River 2013,SMC01258,Urban,32.649495,-117.058868
248,River 2013,SMC01260,Urban,34.065024,-117.974734
249,River 2013,SMC01358,Urban,33.909652,-118.246733
250,River 2013,SMC01367,Open,34.21451,-117.328886
251,River 2013,SMC01413,Open,33.305522,-116.806274
252,River 2013,SMC01454,Urban,33.955042,-117.861277
253,River 2013,SMC01464,Urban,34.275165,-118.526661
254,River 2013,SMC01504,Open,34.253273,-117.71385
255,River 2013,SMC01523,Open,34.095359,-116.982256
256,River 2013,SMC01536,Open,34.56909,-118.392126
257,River 2013,SMC01555,Urban,33.549988,-117.779665
258,River 2013,SMC01559,Open,34.20984,-117.45726
259,River 2013,SMC01606,Urban,32.841989,-117.234811
260,River 2013,SMC01655,Open,34.080503,-117.06359
261,River 2013,SMC01656,Urban,34.156332,-118.53627
262,River 2013,SMC01662,Urban,33.924803,-117.956658
263,River 2013,SMC01671,Open,34.169628,-116.825584
264,River 2013,SMC01689,Urban,33.268145,-117.23574
265,River 2013,SMC01692,Urban,34.197986,-118.169726
266,River 2013,SMC01728,Open,34.574901,-118.460022
267,River 2013,SMC01772,Urban,34.110013,-118.122805
268,River 2013,SMC01783,Open,34.190183,-117.272748
269,River 2013,SMC01805,Open,33.986675,-117.142287
270,River 2013,SMC01808,Open,34.309404,-118.073165
271,River 2013,SMC01824,Urban,34.091169,-117.75598
272,River 2013,SMC01881,Urban,33.235485,-117.341678
273,River 2013,SMC01902,Urban,34.010369,-117.856021
1100,River 2018,402M00058,Open,34.444421,-119.296863
275,River 2018,402M00066,Open,34.293238,-119.307443
410,River 2018,402M00082,Open,34.289978,-119.307881
510,River 2018,402M00110,Open,34.426005,-119.303083
810,River 2018,402M00114,Open,34.417059,-119.368499
910,River 2018,402M00127,Open,34.424704,-119.264705
1310,River 2018,403M01560,Open,34.235362,-119.212348
1510,River 2018,403M01565,Open,34.379668,-119.064247
1610,River 2018,403M01571,Open,34.586199,-119.278263
1710,River 2018,403M01580,Open,34.234319,-119.231198
1810,River 2018,403M01626,Open,34.434956,-119.087473
1910,River 2018,403M05798,Open,34.36334429,-118.4277212
2010,River 2018,403M05800,Open,34.52907,-118.52244
2110,River 2018,403M05832,Open,34.549558,-118.509711
2210,River 2018,403M05844,Open,34.593876,-118.562205
2510,River 2018,403WE0682,Open,34.5704221,-118.39079
291,River 2018,403WE0683,Open,34.4396074,-119.07726
301,River 2018,404M04624,Open,34.181301,-118.789124
331,River 2018,404M04674,Open,34.146522,-118.849607
341,River 2018,404M07364,Open,34.09674141,-118.7173578
381,River 2018,404M07365,Open,34.04241,-118.51361
411,River 2018,404M07368,Open,34.1264,-118.75364
421,River 2018,404M07372,Open,34.135135,-118.75611
451,River 2018,404M07375,Open,34.091885,-118.671075
471,River 2018,404M07376,Open,34.081953,-118.689026
491,River 2018,405CE0280,Open,34.2299122,-117.75247
521,River 2018,408BA0660,Open,34.2678337,-118.93799
541,River 2018,408M03051,Open,34.267523,-118.948785
581,River 2018,408M03100,Open,34.180163,-119.086994
621,River 2018,408M03111,Open,34.181186,-119.03281
631,River 2018,408M03115,Open,34.266345,-118.946402
661,River 2018,408M03116,Open,34.171197,-119.097117
691,River 2018,408M03119,Open,34.227369,-118.973867
701,River 2018,410M01628,Open,34.161393,-119.167114
741,River 2018,412CE0232,Open,34.1585563,-118.45554
791,River 2018,412M08599,Open,34.10602,-118.24338
841,River 2018,412M08641,Open,34.306008,-118.069332
921,River 2018,412M08643,Open,33.808385,-118.205629
1011,River 2018,412M08645,Open,34.2881,-118.501715
1071,River 2018,412M08646,Open,34.127913,-118.081882
1101,River 2018,412M08647,Open,34.278267,-118.302954
1131,River 2018,412WE0552,Open,34.2389496,-118.18159
1141,River 2018,801M12672,Open,33.797705,-117.949696
1191,River 2018,801M12673,Open,33.604341,-117.854122
1211,River 2018,801M12674,Open,33.729459,-117.795927
1241,River 2018,801M12675,Open,33.813117,-117.858259
1281,River 2018,801M12678,Open,33.794824,-117.705242
1291,River 2018,801M12684,Open,33.74943,-118.04212
1371,River 2018,801M16957,Open,33.854928,-117.356263
1391,River 2018,801M16973,Open,33.93558349,-117.3461844
1441,River 2018,801M16976,Open,34.01604,-117.37024
1501,River 2018,802M16985,Open,33.674112,-117.269023
1551,River 2018,845PS0011,Open,33.8812514,-117.89713
1601,River 2018,901M14141,Open,33.521044,-117.623184
1611,River 2018,901M14142,Open,33.620033,-117.689407
1671,River 2018,901M14145,Open,33.487406,-117.667811
1731,River 2018,901M14149,Open,33.56636,-117.747794
1741,River 2018,902M18901,Open,33.49624,-117.20413
1771,River 2018,902M18909,Open,33.464866,-117.198076
1791,River 2018,902M20237,Open,33.409883,-117.213634
1801,River 2018,902M20273,Open,33.402761,-117.255119
1821,River 2018,902WE0888,Open,33.4541711,-117.30288
1841,River 2018,903M20214,Open,33.21936164,-117.3588104
1851,River 2018,903M20230,Open,33.23967503,-117.3177406
1861,River 2018,903M20235,Open,33.24763134,-116.7854627
1881,River 2018,903M20280,Open,33.296575,-117.2193
1891,River 2018,904M21761,Open,33.107658,-117.208995
1901,River 2018,904M21764,Open,33.2074964,-117.2807541
1961,River 2018,904M21782,Open,33.153595,-117.034729
2001,River 2018,904M21784,Open,33.187252,-117.277914
2041,River 2018,904WE1125,Open,33.0990574,-117.12941
2081,River 2018,905PS0026,Open,33.1075387,-116.8642
2091,River 2018,906M21754,Open,32.95499662,-117.1727195
2111,River 2018,906M21770,Open,32.90359548,-117.2264432
2151,River 2018,906M21774,Open,32.934786,-117.059969
2161,River 2018,906M23361,Open,32.843209,-117.212391
2191,River 2018,906M23380,Open,32.787364,-117.186962
2211,River 2018,907M23349,Open,32.82490114,-117.0926552
2221,River 2018,907M23367,Open,32.96323187,-116.6639278
2231,River 2018,907M23373,Open,32.8379715,-117.0175678
2251,River 2018,907M23379,Open,32.80316877,-116.9243788
2281,River 2018,907M23385,Open,32.810756,-117.074673
2301,River 2018,907M23401,Open,32.834357,-117.046566
2311,River 2018,907M23405,Open,32.860977,-117.008293
2341,River 2018,908M24952,Open,32.72468,-117.073581
2391,River 2018,909M24951,Open,32.77032,-116.814903
2401,River 2018,909M24953,Open,32.80649,-116.801113
2411,River 2018,909M24955,Open,32.66661579,-116.9955932
2441,River 2018,909WE0662,Open,32.8996669,-116.58881
2461,River 2018,911M24949,Open,32.8093902,-116.4399296
2471,River 2018,911M24957,Open,32.67429686,-116.566019
2481,River 2018,ME-CC,Open,34.1796345,-119.04059
2511,River 2018,SGLT506,Open,34.0616723,-117.99384
2581,River 2018,SMC00105,Open,33.7458076,-117.58472
2591,River 2018,SMC00206,Open,33.5451478,-117.65998
2601,River 2018,SMC00271,Open,34.5489318,-119.16562
2611,River 2018,SMC00318,Open,33.8130527,-118.20559
2701,River 2018,SMC00324,Open,34.300583,-119.10977
2711,River 2018,SMC00382,Open,34.0444783,-117.9951
274,River 2018,SMC00440,Open,34.2861499,-118.52907
276,River 2018,SMC00480,Open,34.2342633,-117.73221
277,River 2018,SMC00670,Open,33.8686273,-117.90923
283,River 2018,SMC00873,Open,33.5978762,-117.62711
288,River 2018,SMC00926,Open,33.9074099,-117.88296
293,River 2018,SMC01004,Open,34.1492659,-118.16567
295,River 2018,SMC01097,Open,33.4867467,-117.2556
300,River 2018,SMC01384,Open,34.0645362,-118.70035
306,River 2018,SMC01640,Open,34.1530146,-118.69681
309,River 2018,SMC01694,Open,33.9200198,-117.90271
315,River 2018,SMC01726,Open,33.8635246,-117.98813
320,River 2018,SMC02656,Open,34.0747152,-117.87267
323,River 2018,SMC02976,Open,34.2578936,-117.75662
328,River 2018,SMC04524,Open,34.24762604,-118.0335586
329,River 2018,SMC09534,Open,33.8375606,-118.09454
336,River 2018,SMC09698,Open,33.7459227,-116.70738
339,River 2018,SMC11581,Open,33.9520362,-117.6066
344,River 2018,SMC16832,Open,33.8844398,-118.10855
350,River 2018,SMC20032,Open,33.8766423,-118.10775
1105,Ocean 1994,PLAFT13320,unknown,33.6465,-118.15262
290,Ocean 1994,PLAFT12220,unknown,33.72233333,-118.20075
343,Ocean 1994,PLAFT12270,unknown,33.71817,-118.16637
418,Ocean 1994,PLAFT12560,unknown,33.69971667,-118.1921167
516,Ocean 1994,PLAFT12080,unknown,33.73345,-118.1490333
616,Ocean 1994,PLAFT11690,unknown,33.83461667,-118.49275
716,Ocean 1994,PLAFT11750,unknown,33.81013333,-118.5277833
814,Ocean 1994,PLAFT11420,unknown,33.8478,-118.4498667
916,Ocean 1994,PLAFT11590,unknown,33.84863333,-118.4269167
1015,Ocean 1994,PLAFT14760,unknown,33.56433333,-118.1633333
1118,Ocean 1994,PLAFT11730,unknown,33.817,-118.4240833
1215,Ocean 1994,PLAFT12670,unknown,33.68512,-118.2915
1315,Ocean 1994,POCFT13550,unknown,33.63072,-118.0791
1414,Ocean 1994,POCFT16170,unknown,33.24928333,-117.46445
1514,Ocean 1994,POCFT14240,unknown,33.59421667,-117.9164833
1616,Ocean 1994,POCFT12870,unknown,33.67713333,-118.0644167
1711,Ocean 1994,POCFT12720,unknown,33.68586667,-118.0866
1811,Ocean 1994,POCFT13000,unknown,33.66568333,-118.1042167
1911,Ocean 1994,POCFT16840,unknown,33.06486667,-117.3141167
2011,Ocean 1994,POCFT14690,unknown,33.5676,-118.0321833
2112,Ocean 1994,POCFT14180,unknown,33.58901667,-118.1025
2212,Ocean 1994,POCFT14010,unknown,33.60698333,-117.9749333
2310,Ocean 1994,POCFT15510,unknown,33.34183333,-117.6396667
2410,Ocean 1994,POCFT15740,unknown,33.31123333,-117.6044833
2512,Ocean 1994,POCFT16550,unknown,33.16716667,-117.44575
2610,Ocean 1994,POCFT16620,unknown,33.15181667,-117.4121833
2713,Ocean 1994,PSDFT17370,unknown,32.879,-117.3063333
2810,Ocean 1994,PSDFT17340,unknown,32.87583333,-117.2718333
298,Ocean 1994,PSDFT17670,unknown,32.799,-117.3453333
3010,Ocean 1994,PSDFT17690,unknown,32.79516667,-117.328
3112,Ocean 1994,PSDFT17760,unknown,32.78316667,-117.2801667
3212,Ocean 1994,PSDFT17800,unknown,32.77833333,-117.2671667
3310,Ocean 1994,PSDFT17970,unknown,32.76683333,-117.3395
349,Ocean 1994,PSDFT17940,unknown,32.75483333,-117.3636667
358,Ocean 1994,PSDFT18500,unknown,32.65033333,-117.332
365,Ocean 1994,PSDFT20010,unknown,32.5365,-117.2303333
373,Ocean 1994,PSDFT19440,unknown,32.5865,-117.1608333
383,Ocean 1994,PSDFT18670,unknown,32.63983333,-117.1843333
393,Ocean 1994,PSDFT18920,unknown,32.61816667,-117.2723333
405,Ocean 1994,PSDFT18710,unknown,32.63033333,-117.3086667
419,Ocean 1994,PSDFT17740,unknown,32.78383,-117.37283
425,Ocean 1994,PSCFT01220,unknown,34.4145,-120.4211667
435,Ocean 1994,PSCFT01500,unknown,34.40916667,-120.4146667
445,Ocean 1994,PSCFT02450,unknown,34.38017,-120.42667
453,Ocean 1994,PSCFT02550,unknown,34.37833333,-120.4035
463,Ocean 1994,PSCFT01150,unknown,34.41416667,-120.3411667
473,Ocean 1994,PSCFT00590,unknown,34.43533333,-120.2376667
485,Ocean 1994,PSCFT00320,unknown,34.61333333,-120.2293333
493,Ocean 1994,PSCFT00380,unknown,34.44366667,-120.0718333
503,Ocean 1994,PSCFT00160,unknown,34.454,-120.0341667
517,Ocean 1994,PSCFT03810,unknown,34.33466667,-119.7931667
523,Ocean 1994,PSCFT02280,unknown,34.3895,-119.7981667
533,Ocean 1994,PSCFT01610,unknown,34.4055,-119.7903333
543,Ocean 1994,PSCFT02340,unknown,34.38633333,-119.685
555,Ocean 1994,PSCFT06520,unknown,34.21066667,-119.3535
565,Ocean 1994,PSCFT06650,unknown,34.2075,-119.3513333
575,Ocean 1994,PSCFT07590,unknown,34.155,-119.3025
585,Ocean 1994,PSCFT07580,unknown,34.15483333,-119.2865
593,Ocean 1994,PSCFT08150,unknown,34.1025,-119.3066667
603,Ocean 1994,PSCFT08900,unknown,34.02966667,-118.9496667
617,Ocean 1994,PSCFT09760,unknown,33.989,-119.0131667
623,Ocean 1994,PSCFT08200,unknown,34.08916667,-119.0811667
633,Ocean 1994,PSCFT08460,unknown,34.063,-119.1243333
643,Ocean 1994,PSCFT08300,unknown,34.08416667,-119.1778333
655,Ocean 1994,PSCFT08140,unknown,34.09733333,-119.1723333
665,Ocean 1994,PSCFT08230,unknown,34.08966667,-119.2596667
673,Ocean 1994,PSCFT08590,unknown,34.06516667,-119.2003333
683,Ocean 1994,PSCFT07530,unknown,34.16033333,-119.4338333
695,Ocean 1994,PSCFT07140,unknown,34.17766667,-119.4626667
703,Ocean 1994,PSCFT07390,unknown,34.16683333,-119.455
717,Ocean 1994,PSCFT05020,unknown,34.27933333,-119.409
725,Ocean 1994,PSCFT05370,unknown,34.2605,-119.4355
735,Ocean 1994,PSCFT05420,unknown,34.26,-119.4958333
745,Ocean 1994,PSCFT03660,unknown,34.34016667,-119.4495
753,Ocean 1994,PSCFT03980,unknown,34.321,-119.5255
763,Ocean 1994,PSCFT04070,unknown,34.323,-119.5668333
775,Ocean 1994,PSCFT02890,unknown,34.37016667,-119.6526667
783,Ocean 1994,PSCFT07080,unknown,34.18616667,-119.5795
795,Ocean 1994,PSCFT06820,unknown,34.2,-119.6423333
803,Ocean 1994,PSCFT06700,unknown,34.20566667,-119.6735
815,Ocean 1994,PSCFT06040,unknown,34.23183333,-119.626
825,Ocean 1994,PSCFT05770,unknown,34.2435,-119.6038333
835,Ocean 1994,PSCFT04800,unknown,34.28633333,-119.6485
843,Ocean 1994,PSCFT04990,unknown,34.2825,-119.6523333
855,Ocean 1994,PSCFT02520,unknown,34.3855,-119.6391667
865,Ocean 1994,PHYFT09020,unknown,34.02166667,-118.7001667
873,Ocean 1994,PHYFT09600,unknown,33.997,-118.5833333
883,Ocean 1994,PHYFT10420,unknown,33.9615,-118.487
895,Ocean 1994,PHYFT11080,unknown,33.88666667,-118.4871667
903,Ocean 1994,PHYFT11090,unknown,33.87366667,-118.5105
917,Ocean 1994,PHYFT11260,unknown,33.86883333,-118.478
925,Ocean 1994,PHYFT11480,unknown,33.85333333,-118.507
975,Ocean 1994,PSCFT04740,unknown,34.29333333,-119.5111667
1093,Ocean 1994,POCFT13060,unknown,33.66471667,-118.0456667
1106,Ocean 1994,POCFT14060,unknown,33.60168333,-118.0427167
1119,Ocean 1994,POCFT13480,unknown,33.63353333,-118.01065
1123,Ocean 1994,POCFT14150,unknown,33.59715,-118.0091167
1133,Ocean 1994,POCFT14260,unknown,33.59133333,-118.0445333
1145,Ocean 1994,POCFT15710,unknown,33.30775,-117.6161333
1153,Ocean 1994,POCFT15850,unknown,33.29203333,-117.5745167
1163,Ocean 1994,POCFT16500,unknown,33.17901667,-117.3963667
1173,Ocean 1994,POCFT16670,unknown,33.13723333,-117.3716333
1193,Ocean 1994,POCFT14170,unknown,33.59755,-117.9629
1225,Ocean 1994,POCFT15500,unknown,33.35438333,-117.5781667
1265,Ocean 1994,PSDFT18330,unknown,32.68616667,-117.3195
1285,Ocean 1994,PSDFT18390,unknown,32.67333333,-117.2733333
1343,Ocean 1994,PHYFT09430,unknown,34.0065,-118.5848333
1353,Ocean 1994,PHYFT09930,unknown,33.9865,-118.5823333
1365,Ocean 1994,PHYFT10280,unknown,33.959,-118.5821667
1375,Ocean 1994,PHYFT10460,unknown,33.94083333,-118.4583333
1385,Ocean 1994,PHYFT10490,unknown,33.93816667,-118.5323333
1393,Ocean 1994,PHYFT10520,unknown,33.93083333,-118.5913333
1403,Ocean 1994,PHYFT10720,unknown,33.92416667,-118.548
1712,Ocean 1998,2075,unknown,22.491,-22.491
2152,Ocean 1998,2077,unknown,23.748,-23.748
312,Ocean 1998,2077,unknown,23.592,-23.592
4101,Ocean 1998,2078,unknown,21.632,-21.632
5101,Ocean 1998,2079,unknown,22.909,-22.909
610,Ocean 1998,2086,unknown,18.544,-18.544
710,Ocean 1998,2089,unknown,17.794,-17.794
8101,Ocean 1998,2092,unknown,18.15,-18.15
9101,Ocean 1998,2096,unknown,15.975,-15.975
1010,Ocean 1998,2104,unknown,14.606,-14.606
1110,Ocean 1998,2106,unknown,13.583,-13.583
1210,Ocean 1998,2109,unknown,13.043,-13.043
13101,Ocean 1998,2116,unknown,58.873,-58.873
1410,Ocean 1998,2116,unknown,58.888,-58.888
15101,Ocean 1998,2118,unknown,49.822,-49.822
16101,Ocean 1998,2119,unknown,34.807,-34.807
1721,Ocean 1998,2120,unknown,32.505,-32.505
1812,Ocean 1998,2155,unknown,44.614,-44.614
1912,Ocean 1998,2158,unknown,43.665,-43.665
2012,Ocean 1998,2162,unknown,42.86,-42.86
2162,Ocean 1998,2162,unknown,42.828,-42.828
2213,Ocean 1998,2174,unknown,44.122,-44.122
2321,Ocean 1998,2186,unknown,43.902,-43.902
2412,Ocean 1998,2186,unknown,43.877,-43.877
2513,Ocean 1998,2192,unknown,56.719,-56.719
2612,Ocean 1998,2194,unknown,55.198,-55.198
2721,Ocean 1998,2195,unknown,54.775,-54.775
284,Ocean 1998,2195,unknown,54.663,-54.663
2911,Ocean 1998,2212,unknown,35.3841,-35.3841
3011,Ocean 1998,2212,unknown,35.5609,-35.5609
313,Ocean 1998,2214,unknown,41.235,-41.235
3231,Ocean 1998,2215,unknown,40.721,-40.721
333,Ocean 1998,2216,unknown,40.576,-40.576
3411,Ocean 1998,2217,unknown,39.536,-39.536
352,Ocean 1998,2218,unknown,39.891,-39.891
361,Ocean 1998,2219,unknown,39.101,-39.101
371,Ocean 1998,2220,unknown,39.346,-39.346
3811,Ocean 1998,2231,unknown,41.624,-41.624
391,Ocean 1998,2233,unknown,41.144,-41.144
401,Ocean 1998,2233,unknown,41.14,-41.14
4111,Ocean 1998,2233,unknown,41.143,-41.143
4211,Ocean 1998,2239,unknown,40.924,-40.924
431,Ocean 1998,2239,unknown,40.942,-40.942
441,Ocean 1998,2239,unknown,40.941,-40.941
4511,Ocean 1998,2239,unknown,40.914,-40.914
461,Ocean 1998,2239,unknown,40.943,-40.943
4711,Ocean 1998,2239,unknown,40.947,-40.947
481,Ocean 1998,2241,unknown,40.191,-40.191
4911,Ocean 1998,2241,unknown,40.225,-40.225
501,Ocean 1998,2241,unknown,40.218,-40.218
511,Ocean 1998,2242,unknown,39.864,-39.864
5211,Ocean 1998,2242,unknown,39.859,-39.859
531,Ocean 1998,2242,unknown,39.857,-39.857
5411,Ocean 1998,2242,unknown,39.851,-39.851
551,Ocean 1998,2243,unknown,39.874,-39.874
561,Ocean 1998,2244,unknown,39.579,-39.579
571,Ocean 1998,2244,unknown,39.584,-39.584
5811,Ocean 1998,2244,unknown,39.56,-39.56
591,Ocean 1998,2244,unknown,39.553,-39.553
601,Ocean 1998,2249,unknown,37.428,-37.428
611,Ocean 1998,2256,unknown,40.656,-40.656
6211,Ocean 1998,2256,unknown,40.638,-40.638
6311,Ocean 1998,2258,unknown,40.596,-40.596
641,Ocean 1998,2262,unknown,39.046,-39.046
651,Ocean 1998,2273,unknown,7.848,-7.848
6611,Ocean 1998,2276,unknown,7.458,-7.458
671,Ocean 1998,2279,unknown,30.951,-30.951
681,Ocean 1998,2279,unknown,30.692,-30.692
6911,Ocean 1998,2309,unknown,4.273,-4.273
7011,Ocean 1998,2314,unknown,1.706,-1.706
711,Ocean 1998,2317,unknown,46.131,-46.131
721,Ocean 1998,2318,unknown,43.51,-43.51
731,Ocean 1998,2318,unknown,43.472,-43.472
7411,Ocean 1998,2321,unknown,43.756,-43.756
751,Ocean 1998,2323,unknown,12.456,-12.456
761,Ocean 1998,2323,unknown,12.291,-12.291
771,Ocean 1998,2326,unknown,37.3928,-37.3928
781,Ocean 1998,2326,unknown,37.3522,-37.3522
7911,Ocean 1998,2326,unknown,37.3325,-37.3325
801,Ocean 1998,2328,unknown,13.357,-13.357
811,Ocean 1998,2332,unknown,12.483,-12.483
821,Ocean 1998,2332,unknown,12.617,-12.617
831,Ocean 1998,2334,unknown,33.114,-33.114
8411,Ocean 1998,2335,unknown,32.632,-32.632
851,Ocean 1998,2338,unknown,16.795,-16.795
861,Ocean 1998,2349,unknown,53.604,-53.604
871,Ocean 1998,2350,unknown,53.282,-53.282
881,Ocean 1998,2350,unknown,53.317,-53.317
891,Ocean 1998,2351,unknown,49.139,-49.139
901,Ocean 1998,2352,unknown,32.472,-32.472
911,Ocean 1998,2353,unknown,33.029,-33.029
9211,Ocean 1998,2361,unknown,23.93,-23.93
934,Ocean 1998,2363,unknown,21.227,-21.227
942,Ocean 1998,2377,unknown,2.322,-2.322
952,Ocean 1998,2379,unknown,1.031,-1.031
962,Ocean 1998,2385,unknown,54.498,-54.498
971,Ocean 1998,2390,unknown,41.687,-41.687
982,Ocean 1998,2391,unknown,42.6,-42.6
992,Ocean 1998,2391,unknown,42.606,-42.606
1004,Ocean 1998,2392,unknown,42.35,-42.35
1016,Ocean 1998,2392,unknown,42.38,-42.38
1022,Ocean 1998,2392,unknown,42.376,-42.376
1032,Ocean 1998,2393,unknown,41.089,-41.089
1044,Ocean 1998,2395,unknown,40.499,-40.499
1054,Ocean 1998,2396,unknown,38.86,-38.86
1062,Ocean 1998,2396,unknown,38.854,-38.854
1072,Ocean 1998,2397,unknown,38.968,-38.968
1082,Ocean 1998,2404,unknown,25.248,-25.248
1091,Ocean 1998,2411,unknown,44.984,-44.984
11011,Ocean 1998,2412,unknown,43.13,-43.13
1111,Ocean 1998,2413,unknown,41.262,-41.262
1121,Ocean 1998,2414,unknown,40.561,-40.561
11311,Ocean 1998,2415,unknown,39.546,-39.546
11411,Ocean 1998,2416,unknown,39.67,-39.67
1151,Ocean 1998,2417,unknown,37.416,-37.416
1161,Ocean 1998,2417,unknown,37.508,-37.508
1171,Ocean 1998,2418,unknown,35.661,-35.661
1182,Ocean 1998,2418,unknown,35.582,-35.582
11911,Ocean 1998,2419,unknown,35.332,-35.332
1204,Ocean 1998,2420,unknown,45.841,-45.841
1216,Ocean 1998,2420,unknown,45.856,-45.856
1221,Ocean 1998,2430,unknown,46.288,-46.288
1232,Ocean 1998,2430,unknown,46.297,-46.297
1244,Ocean 1998,2435,unknown,42.717,-42.717
1252,Ocean 1998,2435,unknown,42.655,-42.655
1261,Ocean 1998,2436,unknown,42.922,-42.922
1272,Ocean 1998,2436,unknown,42.984,-42.984
12811,Ocean 1998,2450,unknown,45.526,-45.526
1292,Ocean 1998,2450,unknown,45.551,-45.551
1304,Ocean 1998,2452,unknown,44.154,-44.154
1316,Ocean 1998,2452,unknown,44.028,-44.028
1322,Ocean 1998,2453,unknown,37.6953,-37.6953
1334,Ocean 1998,2461,unknown,36.591,-36.591
1341,Ocean 1998,2461,unknown,36.687,-36.687
1351,Ocean 1998,2462,unknown,35.808,-35.808
1361,Ocean 1998,2475,unknown,2.733,-2.733
13711,Ocean 1998,2482,unknown,53.649,-53.649
1381,Ocean 1998,2494,unknown,47.459,-47.459
13911,Ocean 1998,2494,unknown,47.57,-47.57
1401,Ocean 1998,2494,unknown,47.502,-47.502
1415,Ocean 1998,2497,unknown,46.997,-46.997
1421,Ocean 1998,2501,unknown,39.06,-39.06
1433,Ocean 1998,2504,unknown,39.472,-39.472
1442,Ocean 1998,2508,unknown,55.087,-55.087
1451,Ocean 1998,2510,unknown,0.199,-0.199
1463,Ocean 1998,2511,unknown,30.576,-30.576
1471,Ocean 1998,2515,unknown,4.739,-4.739
1483,Ocean 1998,2517,unknown,1.212,-1.212
1491,Ocean 1998,2521,unknown,56.645,-56.645
1502,Ocean 1998,2522,unknown,3.6,-3.6
1515,Ocean 1998,2523,unknown,28.366,-28.366
1523,Ocean 1998,2530,unknown,32.695,-32.695
1531,Ocean 1998,2554,unknown,34.769,-34.769
1541,Ocean 1998,2555,unknown,34.448,-34.448
1553,Ocean 1998,2556,unknown,41.341,-41.341
1561,Ocean 1998,2557,unknown,14.817,-14.817
1571,Ocean 1998,2557,unknown,14.738,-14.738
1581,Ocean 1998,2560,unknown,43.509,-43.509
1591,Ocean 1998,2565,unknown,43.075,-43.075
1602,Ocean 1998,2566,unknown,45.352,-45.352
1617,Ocean 1998,2566,unknown,45.328,-45.328
1621,Ocean 1998,2571,unknown,43.155,-43.155
1633,Ocean 1998,2573,unknown,42.387,-42.387
1643,Ocean 1998,2586,unknown,12.751,-12.751
1653,Ocean 1998,2586,unknown,12.695,-12.695
1663,Ocean 1998,2603,unknown,44.888,-44.888
1672,Ocean 1998,2604,unknown,44.505,-44.505
1681,Ocean 1998,2604,unknown,44.525,-44.525
1693,Ocean 1998,2611,unknown,57.226,-57.226
1742,Ocean 2008,NA,Bay,32.6302,-117.12151
2181,Ocean 2008,NA,Bay,32.65852,-117.14456
318,Ocean 2008,NA,Bay,32.66595,-117.15066
412,Ocean 2008,NA,Bay,32.6701,-117.13652
512,Ocean 2008,NA,Bay,32.67587,-117.1442
612,Ocean 2008,NA,Bay,32.70071,-117.22722
712,Ocean 2008,NA,Bay,32.70261,-117.17862
812,Ocean 2008,NA,Bay,32.71516,-117.18307
912,Ocean 2008,NA,Bay,32.72448,-117.18217
10111,Ocean 2008,NA,Bay,32.75793,-117.2531
1112,Ocean 2008,NA,Bay,32.76822,-117.24111
12111,Ocean 2008,NA,Bay,32.78494,-117.21399
1311,Ocean 2008,NA,Bay,33.71251,-118.25888
1411,Ocean 2008,NA,Bay,33.71388,-118.24028
1511,Ocean 2008,NA,Bay,33.72515,-118.22315
16111,Ocean 2008,NA,Bay,33.74261,-118.15353
1751,Ocean 2008,NA,Bay,33.74415,-118.16935
1822,Ocean 2008,NA,Bay,33.75856,-118.16213
1921,Ocean 2008,NA,Bay,32.62969,-117.11254
2021,Ocean 2008,NA,Inner Shelf,32.53424,-117.14128
2192,Ocean 2008,NA,Mid Shelf,32.54858,-117.19901
2232,Ocean 2008,NA,Outer Shelf,32.58213,-117.3402
2351,Ocean 2008,NA,Mid Shelf,32.58818,-117.26353
2431,Ocean 2008,NA,Outer Shelf,32.597,-117.35071
2531,Ocean 2008,NA,Mid Shelf,32.60452,-117.27651
2631,Ocean 2008,NA,Inner Shelf,32.61055,-117.17513
278,Ocean 2008,NA,Inner Shelf,32.61847,-117.14098
286,Ocean 2008,NA,Outer Shelf,32.6328,-117.361
292,Ocean 2008,NA,Outer Shelf,32.64041,-117.34008
307,Ocean 2008,NA,Inner Shelf,32.66249,-117.20086
3110,Ocean 2008,NA,Upper Slope,32.6937,-117.39646
326,Ocean 2008,NA,Mid Shelf,32.71064,-117.30983
337,Ocean 2008,NA,Upper Slope,32.71015,-117.38807
342,Ocean 2008,NA,Outer Shelf,32.75217,-117.37312
353,Ocean 2008,NA,Inner Shelf,32.79265,-117.26409
362,Ocean 2008,NA,Mid Shelf,32.80606,-117.34445
372,Ocean 2008,NA,Outer Shelf,32.82372,-117.36674
382,Ocean 2008,NA,Outer Shelf,32.84685,-117.35547
392,Ocean 2008,NA,Mid Shelf,33.08367,-117.348
402,Ocean 2008,NA,Upper Slope,33.09145,-117.41614
413,Ocean 2008,NA,Mid Shelf,33.10133,-117.35917
422,Ocean 2008,NA,Mid Shelf,33.15166,-117.38071
432,Ocean 2008,NA,Outer Shelf,33.2175,-117.50917
442,Ocean 2008,NA,Outer Shelf,33.26191,-117.56321
452,Ocean 2008,NA,Mid Shelf,33.2633,-117.53155
462,Ocean 2008,NA,Mid Shelf,33.26778,-117.56121
472,Ocean 2008,NA,Upper Slope,33.31625,-117.63922
482,Ocean 2008,NA,Mid Shelf,33.40597,-117.67833
492,Ocean 2008,NA,Upper Slope,33.42052,-118.02104
502,Ocean 2008,NA,Upper Slope,33.4292,-117.7437
513,Ocean 2008,NA,Inner Shelf,33.432,-117.67967
522,Ocean 2008,NA,Inner Shelf,33.45546,-117.69261
532,Ocean 2008,NA,Upper Slope,33.47544,-118.10056
542,Ocean 2008,NA,Inner Shelf,33.49728,-117.75126
552,Ocean 2008,NA,Inner Shelf,33.51961,-117.76865
562,Ocean 2008,NA,Upper Slope,33.53653,-117.84718
572,Ocean 2008,NA,Upper Slope,33.5475,-117.85169
582,Ocean 2008,NA,Upper Slope,33.55046,-118.10328
592,Ocean 2008,NA,Mid Shelf,33.58044,-118.13863
602,Ocean 2008,NA,Mid Shelf,33.60071,-118.05458
613,Ocean 2008,NA,Mid Shelf,33.62111,-118.19737
622,Ocean 2008,NA,Inner Shelf,33.62776,-117.98706
632,Ocean 2008,NA,Mid Shelf,33.63953,-118.1687
642,Ocean 2008,NA,Inner Shelf,33.64434,-118.08121
652,Ocean 2008,NA,Mid Shelf,33.64779,-118.15125
662,Ocean 2008,NA,Inner Shelf,33.66,-118.13515
672,Ocean 2008,NA,Inner Shelf,33.67594,-118.16692
682,Ocean 2008,NA,Inner Shelf,33.68046,-118.14475
692,Ocean 2008,NA,Inner Shelf,33.68213,-118.19619
702,Ocean 2008,NA,Upper Slope,33.69263,-118.34435
713,Ocean 2008,NA,Inner Shelf,33.69643,-118.30053
722,Ocean 2008,NA,Inner Shelf,33.70161,-118.30327
732,Ocean 2008,NA,Inner Shelf,33.73183,-118.11857
742,Ocean 2008,NA,Outer Shelf,33.76491,-118.45903
752,Ocean 2008,NA,Mid Shelf,33.83736,-118.47055
762,Ocean 2008,NA,Mid Shelf,33.84558,-118.4636
772,Ocean 2008,NA,Mid Shelf,33.85873,-118.44465
782,Ocean 2008,NA,Upper Slope,33.89988,-118.65716
792,Ocean 2008,NA,Mid Shelf,33.92661,-118.48145
802,Ocean 2008,NA,Mid Shelf,33.92673,-118.48156
813,Ocean 2008,NA,Mid Shelf,33.93563,-118.54011
822,Ocean 2008,NA,Mid Shelf,33.93915,-118.55843
832,Ocean 2008,NA,Mid Shelf,33.94468,-118.51988
842,Ocean 2008,NA,Outer Shelf,33.95591,-118.59201
852,Ocean 2008,NA,Inner Shelf,33.96411,-118.47733
862,Ocean 2008,NA,Outer Shelf,33.96653,-118.64488
872,Ocean 2008,NA,Upper Slope,33.96991,-118.72636
882,Ocean 2008,NA,Mid Shelf,34.00383,-118.91933
892,Ocean 2008,NA,Mid Shelf,34.01217,-119.02283
902,Ocean 2008,NA,Inner Shelf,34.02421,-118.59621
913,Ocean 2008,NA,Inner Shelf,34.03589,-118.91923
922,Ocean 2008,NA,Upper Slope,34.0385,-119.19654
931,Ocean 2008,NA,Upper Slope,34.04318,-119.05776
941,Ocean 2008,NA,Outer Shelf,34.05485,-119.06544
951,Ocean 2008,NA,Mid Shelf,34.06965,-119.20385
961,Ocean 2008,NA,Mid Shelf,34.07194,-119.14054
972,Ocean 2008,NA,Inner Shelf,34.08045,-119.06168
981,Ocean 2008,NA,Inner Shelf,34.10131,-119.1511
991,Ocean 2008,NA,Outer Shelf,34.10572,-119.31562
1001,Ocean 2008,NA,Upper Slope,34.11827,-119.6356
1012,Ocean 2008,NA,Outer Shelf,34.12244,-119.33053
1021,Ocean 2008,NA,Inner Shelf,34.12553,-119.19456
1031,Ocean 2008,NA,Outer Shelf,34.13188,-119.36334
1041,Ocean 2008,NA,Outer Shelf,34.13285,-119.37902
1051,Ocean 2008,NA,Mid Shelf,34.13777,-119.34427
1061,Ocean 2008,NA,Upper Slope,34.14425,-120.18033
10711,Ocean 2008,NA,Upper Slope,34.14665,-119.77117
1081,Ocean 2008,NA,Upper Slope,34.15183,-119.8038
1092,Ocean 2008,NA,Upper Slope,34.1592,-119.8308
1102,Ocean 2008,NA,Upper Slope,34.15872,-120.3213
1113,Ocean 2008,NA,Upper Slope,34.1625,-119.67216
1122,Ocean 2008,NA,Upper Slope,34.16863,-119.53905
1132,Ocean 2008,NA,Inner Shelf,34.18221,-119.34955
1142,Ocean 2008,NA,Upper Slope,34.1855,-120.35517
1152,Ocean 2008,NA,Upper Slope,34.19957,-120.42123
1162,Ocean 2008,NA,Outer Shelf,34.20926,-119.56955
1172,Ocean 2008,NA,Outer Shelf,34.21581,-119.5946
1181,Ocean 2008,NA,Inner Shelf,34.21966,-119.35507
1192,Ocean 2008,NA,Upper Slope,34.252,-119.733
1201,Ocean 2008,NA,Upper Slope,34.2827,-119.72323
1212,Ocean 2008,NA,Upper Slope,34.28595,-120.28316
1222,Ocean 2008,NA,Upper Slope,34.29813,-120.46058
1231,Ocean 2008,NA,Mid Shelf,34.28746,-119.4378
12411,Ocean 2008,NA,Upper Slope,34.30943,-120.23666
1251,Ocean 2008,NA,Upper Slope,34.31421,-119.88585
1262,Ocean 2008,NA,Outer Shelf,34.31853,-119.73
1271,Ocean 2008,NA,Mid Shelf,34.34565,-119.55511
1282,Ocean 2008,NA,Upper Slope,34.34775,-120.37401
12911,Ocean 2008,NA,Mid Shelf,34.35903,-119.5809
1301,Ocean 2008,NA,Upper Slope,34.36311,-120.0125
1312,Ocean 2008,NA,Inner Shelf,34.3607,-119.45608
1321,Ocean 2008,NA,Inner Shelf,34.39683,-119.65755
1331,Ocean 2008,NA,Outer Shelf,34.39693,-120.06476
1342,Ocean 2008,NA,Inner Shelf,34.39833,-119.86178
1352,Ocean 2008,NA,Inner Shelf,34.4008,-119.82895
1362,Ocean 2008,NA,Inner Shelf,34.40408,-119.80896
1372,Ocean 2008,NA,Outer Shelf,34.40823,-120.3143
1382,Ocean 2008,NA,Outer Shelf,34.4127,-120.21621
1392,Ocean 2008,NA,Inner Shelf,34.43495,-120.3805
1402,Ocean 2008,NA,Mid Shelf,34.43886,-120.28425
1761,Ocean 2013,B13-8017,Bay,32.629511,-117.129983
3281,Ocean 2013,B13-8020,Bay,32.641114,-117.13285
414,Ocean 2013,B13-8029,Bay,32.646418,-117.120747
614,Ocean 2013,B13-8052,Bay,32.658322,-117.145958
714,Ocean 2013,B13-8058,Bay,32.662371,-117.144215
914,Ocean 2013,B13-8060,Bay,32.666203,-117.15078
1114,Ocean 2013,B13-8078,Bay,32.687333,-117.149056
1313,Ocean 2013,B13-8109,Bay,32.716287,-117.184571
1412,Ocean 2013,B13-8118,Bay,32.719619,-117.177377
1512,Ocean 2013,B13-8122,Bay,32.72462,-117.181506
1612,Ocean 2013,B13-8159,Bay,32.784714,-117.214572
1842,Ocean 2013,B13-8304,Bay,33.713467,-118.240567
2042,Ocean 2013,B13-8315,Bay,33.72482,-118.15007
2442,Ocean 2013,B13-8318,Bay,33.724583,-118.2242
2641,Ocean 2013,B13-8319,Bay,33.72512,-118.13491
2710,Ocean 2013,B13-8322,Bay,33.72805,-118.211833
2881,Ocean 2013,B13-8323,Bay,33.728083,-118.20625
2951,Ocean 2013,B13-8325,Bay,33.72843,-118.15888
3291,Ocean 2013,B13-8335,Bay,33.731133,-118.202667
355,Ocean 2013,B13-8346,Bay,33.73877,-118.14476
363,Ocean 2013,B13-8350,Bay,33.74035,-118.17345
403,Ocean 2013,B13-8351,Bay,33.74017,-118.15825
415,Ocean 2013,B13-8355,Bay,33.74225,-118.15333
423,Ocean 2013,B13-8358,Bay,33.74418,-118.16955
433,Ocean 2013,B13-8375,Bay,33.75239,-118.17693
443,Ocean 2013,B13-8388,Bay,33.75956,-118.16387
483,Ocean 2013,B13-9005,Inner Shelf,32.53497,-117.1535
514,Ocean 2013,B13-9006,MPA,32.5487,-117.14034
553,Ocean 2013,B13-9007,Mid Shelf,32.54949,-117.1991
563,Ocean 2013,B13-9008,MPA,32.55008,-117.1494
573,Ocean 2013,B13-9011,Outer Shelf,32.58434,-117.33803
583,Ocean 2013,B13-9012,Mid Shelf,32.58634,-117.26284
653,Ocean 2013,B13-9013,Outer Shelf,32.59408,-117.34748
663,Ocean 2013,B13-9014,Outer Shelf,32.59538,-117.32856
693,Ocean 2013,B13-9023,Upper Slope,32.66833,-117.41972
723,Ocean 2013,B13-9026,Upper Slope,32.69393,-117.39587
733,Ocean 2013,B13-9034,Mid Shelf,32.73907,-117.31494
743,Ocean 2013,B13-9035,Upper Slope,32.73972,-117.42619
773,Ocean 2013,B13-9037,Mid Shelf,32.76238,-117.31976
793,Ocean 2013,B13-9040,Inner Shelf,32.78069,-117.26913
823,Ocean 2013,B13-9051,Upper Slope,32.81732,-117.3695
833,Ocean 2013,B13-9052,MPA,32.82126,-117.34166
853,Ocean 2013,B13-9053,Outer Shelf,32.82313,-117.36676
863,Ocean 2013,B13-9056,Outer Shelf,32.83104,-117.35956
893,Ocean 2013,B13-9073,Outer Shelf,32.90917,-117.29504
923,Ocean 2013,B13-9091,MPA,33.01512,-117.33945
932,Ocean 2013,B13-9092,MPA,33.02296,-117.3342
973,Ocean 2013,B13-9094,MPA,33.03266,-117.3167
1002,Ocean 2013,B13-9100,Outer Shelf,33.06689,-117.36712
1013,Ocean 2013,B13-9104,Mid Shelf,33.08075,-117.34234
1042,Ocean 2013,B13-9105,Mid Shelf,33.08887,-117.35115
1052,Ocean 2013,B13-9107,Upper Slope,33.09295,-117.41689
1103,Ocean 2013,B13-9111,Mid Shelf,33.10467,-117.36168
1115,Ocean 2013,B13-9121,Inner Shelf,33.17427,-117.38129
1143,Ocean 2013,B13-9125,Outer Shelf,33.219417,-117.510954
1202,Ocean 2013,B13-9129,Mid Shelf,33.263798,-117.531543
1213,Ocean 2013,B13-9131,Mid Shelf,33.267749,-117.561686
1223,Ocean 2013,B13-9152,MPA,33.471932,-117.735612
1242,Ocean 2013,B13-9159,MPA,33.497982,-117.751709
1263,Ocean 2013,B13-9161,MPA,33.503284,-117.771859
1283,Ocean 2013,B13-9166,Mid Shelf,33.50885,-117.769678
1302,Ocean 2013,B13-9168,MPA,33.511385,-117.777799
1332,Ocean 2013,B13-9171,Inner Shelf,33.519332,-117.768245
1363,Ocean 2013,B13-9173,MPA,33.522648,-117.794141
1373,Ocean 2013,B13-9174,Upper Slope,33.535885,-117.846826
1383,Ocean 2013,B13-9177,MPA,33.546366,-117.822363
1431,Ocean 2013,B13-9179,Upper Slope,33.554635,-118.016943
1461,Ocean 2013,B13-9185,Outer Shelf,33.564518,-118.017204
1481,Ocean 2013,B13-9187,MPA,33.567318,-117.853792
1521,Ocean 2013,B13-9192,MPA,33.579032,-117.865544
15511,Ocean 2013,B13-9194,Mid Shelf,33.589217,-117.892025
1613,Ocean 2013,B13-9199,Mid Shelf,33.600452,-118.054199
1631,Ocean 2013,B13-9200,Mid Shelf,33.60313,-118.09835
1641,Ocean 2013,B13-9204,Inner Shelf,33.625651,-117.984603
1651,Ocean 2013,B13-9214,Inner Shelf,33.643449,-118.081022
1661,Ocean 2013,B13-9217,Mid Shelf,33.64763,-118.1538
1691,Ocean 2013,B13-9219,Inner Shelf,33.656299,-118.059782
1702,Ocean 2013,B13-9221,Inner Shelf,33.6603,-118.13449
1732,Ocean 2013,B13-9223,Upper Slope,33.67607,-118.33359
1782,Ocean 2013,B13-9228,Upper Slope,33.69252,-118.34422
1832,Ocean 2013,B13-9229,Inner Shelf,33.69511,-118.29172
1852,Ocean 2013,B13-9235,MPA,33.70392,-118.39901
1872,Ocean 2013,B13-9237,MPA,33.7201,-118.4144
1882,Ocean 2013,B13-9239,Inner Shelf,33.7213,-118.15279
1932,Ocean 2013,B13-9245,Inner Shelf,33.73163,-118.11825
2032,Ocean 2013,B13-9251,Outer Shelf,33.76299,-118.45776
2072,Ocean 2013,B13-9257,Inner Shelf,33.8306,-118.400067
2102,Ocean 2013,B13-9266,Mid Shelf,33.858467,-118.445183
2113,Ocean 2013,B13-9271,Mid Shelf,33.895217,-118.535467
2122,Ocean 2013,B13-9286,Mid Shelf,33.9317,-118.538383
2132,Ocean 2013,B13-9287,Outer Shelf,33.93395,-118.590517
2142,Ocean 2013,B13-9292,Mid Shelf,33.943233,-118.515633
2172,Ocean 2013,B13-9300,Outer Shelf,33.953883,-118.59055
2222,Ocean 2013,B13-9303,Inner Shelf,33.962,-118.475433
2242,Ocean 2013,B13-9309,Upper Slope,33.97731,-118.877507
2272,Ocean 2013,B13-9314,MPA,33.99337,-118.86241
2292,Ocean 2013,B13-9316,Mid Shelf,33.994867,-118.6274
2312,Ocean 2013,B13-9319,Inner Shelf,33.997033,-118.49135
2332,Ocean 2013,B13-9320,MPA,34.00077,-118.87336
2342,Ocean 2013,B13-9321,MPA,33.999613,-118.81427
2422,Ocean 2013,B13-9323,MPA,34.000304,-118.822712
2452,Ocean 2013,B13-9325,Outer Shelf,34.006252,-119.054103
2472,Ocean 2013,B13-9326,Mid Shelf,34.0037,-118.76935
2492,Ocean 2013,B13-9331,Mid Shelf,34.0133,-118.66725
2522,Ocean 2013,B13-9336,Inner Shelf,34.019767,-118.743717
2562,Ocean 2013,B13-9339,MPA,34.02242,-118.87612
2572,Ocean 2013,B13-9341,Inner Shelf,34.02265,-118.590817
2602,Ocean 2013,B13-9342,Inner Shelf,34.0262,-118.568983
2622,Ocean 2013,B13-9348,Upper Slope,34.03957,-119.19698
2652,Ocean 2013,B13-9350,Outer Shelf,34.04374,-119.058
2672,Ocean 2013,B13-9354,Upper Slope,34.05092,-119.21821
2692,Ocean 2013,B13-9356,Outer Shelf,34.05389,-119.15568
2714,Ocean 2013,B13-9372,Inner Shelf,34.10179,-119.15284
2732,Ocean 2013,B13-9374,Outer Shelf,34.106938,-119.321987
2742,Ocean 2013,B13-9377,Inner Shelf,34.11387,-119.18192
2752,Ocean 2013,B13-9379,Upper Slope,34.118608,-119.630503
2762,Ocean 2013,B13-9380,Outer Shelf,34.12374,-119.33325
2772,Ocean 2013,B13-9382,Inner Shelf,34.125287,-119.261288
279,Ocean 2013,B13-9383,Inner Shelf,34.1262,-119.19485
280,Ocean 2013,B13-9385,Outer Shelf,34.132872,-119.371883
281,Ocean 2013,B13-9387,Upper Slope,34.143587,-120.177188
282,Ocean 2013,B13-9388,Upper Slope,34.146005,-119.772347
2832,Ocean 2013,B13-9391,Upper Slope,34.158032,-119.8281
285,Ocean 2013,B13-9394,Upper Slope,34.169003,-119.54198
287,Ocean 2013,B13-9396,Upper Slope,34.171304,-119.87626
2932,Ocean 2013,B13-9397,Inner Shelf,34.18497,-119.35116
294,Ocean 2013,B13-9398,Upper Slope,34.179395,-119.612567
297,Ocean 2013,B13-9399,Upper Slope,34.182183,-120.40688
3002,Ocean 2013,B13-9400,Upper Slope,34.184059,-120.35593
302,Ocean 2013,B13-9403,Outer Shelf,34.206832,-119.635323
303,Ocean 2013,B13-9407,Outer Shelf,34.216753,-119.605325
304,Ocean 2013,B13-9409,Inner Shelf,34.22391,-119.29943
305,Ocean 2013,B13-9414,Outer Shelf,34.226393,-119.733735
3062,Ocean 2013,B13-9419,Outer Shelf,34.23285,-119.66165
308,Ocean 2013,B13-9421,Inner Shelf,34.24567,-119.37254
3092,Ocean 2013,B13-9424,Mid Shelf,34.26338,-119.48072
310,Ocean 2013,B13-9426,Upper Slope,34.258198,-119.809933
311,Ocean 2013,B13-9427,Upper Slope,34.260202,-120.282198
314,Ocean 2013,B13-9431,Outer Shelf,34.28286,-119.6646
3152,Ocean 2013,B13-9432,Outer Shelf,34.277462,-119.717675
316,Ocean 2013,B13-9433,Mid Shelf,34.27897,-119.5848
317,Ocean 2013,B13-9435,Upper Slope,34.285222,-120.42729
319,Ocean 2013,B13-9436,Upper Slope,34.288591,-120.459736
3202,Ocean 2013,B13-9441,Upper Slope,34.314902,-119.88686
321,Ocean 2013,B13-9444,Outer Shelf,34.320107,-119.750878
322,Ocean 2013,B13-9447,Inner Shelf,34.34453,-119.46177
324,Ocean 2013,B13-9448,Mid Shelf,34.346364,-119.779392
325,Ocean 2013,B13-9449,Mid Shelf,34.344263,-119.562572
327,Ocean 2013,B13-9450,Upper Slope,34.34458,-120.370385
3312,Ocean 2013,B13-9454,MPA,34.360922,-119.854586
332,Ocean 2013,B13-9455,Outer Shelf,34.362304,-119.895231
334,Ocean 2013,B13-9456,Mid Shelf,34.362338,-119.85358
335,Ocean 2013,B13-9457,Upper Slope,34.363057,-120.009978
3362,Ocean 2013,B13-9458,Mid Shelf,34.36851,-119.54238
338,Ocean 2013,B13-9459,Upper Slope,34.368948,-120.116513
340,Ocean 2013,B13-9465,MPA,34.394734,-119.85726
345,Ocean 2013,B13-9466,Inner Shelf,34.393408,-119.668002
346,Ocean 2013,B13-9467,Inner Shelf,34.3996,-119.86724
347,Ocean 2013,B13-9468,MPA,34.40112,-119.8791
348,Ocean 2013,B13-9470,Mid Shelf,34.40006,-119.8346
351,Ocean 2013,B13-9471,Inner Shelf,34.403698,-119.812175
354,Ocean 2013,B13-9476,Outer Shelf,34.420267,-120.268282
357,Ocean 2013,B13-9482,Mid Shelf,34.443547,-120.285017
359,Ocean 2013,B13-9487,Inner Shelf,34.464803,-120.177835
1772,Ocean 2018,B13-8017,Bay,32.629511,-117.129983
330,Ocean 2018,B13-8020,Bay,32.641114,-117.13285
416,Ocean 2018,B13-8029,Bay,32.646418,-117.120747
615,Ocean 2018,B13-8052,Bay,32.658322,-117.145958
715,Ocean 2018,B13-8058,Bay,32.662371,-117.144215
915,Ocean 2018,B13-8060,Bay,32.666203,-117.15078
1116,Ocean 2018,B13-8078,Bay,32.687333,-117.149056
1314,Ocean 2018,B13-8109,Bay,32.716287,-117.184571
1413,Ocean 2018,B13-8118,Bay,32.719619,-117.177377
1513,Ocean 2018,B13-8122,Bay,32.72462,-117.181506
1614,Ocean 2018,B13-8159,Bay,32.784714,-117.214572
1862,Ocean 2018,B13-8304,Bay,33.713467,-118.240567
2051,Ocean 2018,B13-8315,Bay,33.72482,-118.15007
2462,Ocean 2018,B13-8318,Bay,33.724583,-118.2242
2661,Ocean 2018,B13-8319,Bay,33.72512,-118.13491
27111,Ocean 2018,B13-8322,Bay,33.72805,-118.211833
289,Ocean 2018,B13-8323,Bay,33.728083,-118.20625
296,Ocean 2018,B13-8325,Bay,33.72843,-118.15888
3210,Ocean 2018,B13-8335,Bay,33.731133,-118.202667
356,Ocean 2018,B13-8346,Bay,33.73877,-118.14476
364,Ocean 2018,B13-8350,Bay,33.74035,-118.17345
404,Ocean 2018,B13-8351,Bay,33.74017,-118.15825
417,Ocean 2018,B13-8355,Bay,33.74225,-118.15333
424,Ocean 2018,B13-8358,Bay,33.74418,-118.16955
434,Ocean 2018,B13-8375,Bay,33.75239,-118.17693
444,Ocean 2018,B13-8388,Bay,33.75956,-118.16387
484,Ocean 2018,B13-9005,Inner Shelf,32.53497,-117.1535
515,Ocean 2018,B13-9006,MPA,32.5487,-117.14034
554,Ocean 2018,B13-9007,Mid Shelf,32.54949,-117.1991
564,Ocean 2018,B13-9008,MPA,32.55008,-117.1494
574,Ocean 2018,B13-9011,Outer Shelf,32.58434,-117.33803
584,Ocean 2018,B13-9012,Mid Shelf,32.58634,-117.26284
654,Ocean 2018,B13-9013,Outer Shelf,32.59408,-117.34748
664,Ocean 2018,B13-9014,Outer Shelf,32.59538,-117.32856
694,Ocean 2018,B13-9023,Upper Slope,32.66833,-117.41972
724,Ocean 2018,B13-9026,Upper Slope,32.69393,-117.39587
734,Ocean 2018,B13-9034,Mid Shelf,32.73907,-117.31494
744,Ocean 2018,B13-9035,Upper Slope,32.73972,-117.42619
774,Ocean 2018,B13-9037,Mid Shelf,32.76238,-117.31976
794,Ocean 2018,B13-9040,Inner Shelf,32.78069,-117.26913
824,Ocean 2018,B13-9051,Upper Slope,32.81732,-117.3695
834,Ocean 2018,B13-9052,MPA,32.82126,-117.34166
854,Ocean 2018,B13-9053,Outer Shelf,32.82313,-117.36676
864,Ocean 2018,B13-9056,Outer Shelf,32.83104,-117.35956
894,Ocean 2018,B13-9073,Outer Shelf,32.90917,-117.29504
924,Ocean 2018,B13-9091,MPA,33.01512,-117.33945
933,Ocean 2018,B13-9092,MPA,33.02296,-117.3342
974,Ocean 2018,B13-9094,MPA,33.03266,-117.3167
1003,Ocean 2018,B13-9100,Outer Shelf,33.06689,-117.36712
1014,Ocean 2018,B13-9104,Mid Shelf,33.08075,-117.34234
1043,Ocean 2018,B13-9105,Mid Shelf,33.08887,-117.35115
1053,Ocean 2018,B13-9107,Upper Slope,33.09295,-117.41689
1104,Ocean 2018,B13-9111,Mid Shelf,33.10467,-117.36168
1117,Ocean 2018,B13-9121,Inner Shelf,33.17427,-117.38129
1144,Ocean 2018,B13-9125,Outer Shelf,33.219417,-117.510954
1203,Ocean 2018,B13-9129,Mid Shelf,33.263798,-117.531543
1214,Ocean 2018,B13-9131,Mid Shelf,33.267749,-117.561686
1224,Ocean 2018,B13-9152,MPA,33.471932,-117.735612
1243,Ocean 2018,B13-9159,MPA,33.497982,-117.751709
1264,Ocean 2018,B13-9161,MPA,33.503284,-117.771859
1284,Ocean 2018,B13-9166,Mid Shelf,33.50885,-117.769678
1303,Ocean 2018,B13-9168,MPA,33.511385,-117.777799
1333,Ocean 2018,B13-9171,Inner Shelf,33.519332,-117.768245
1364,Ocean 2018,B13-9173,MPA,33.522648,-117.794141
1374,Ocean 2018,B13-9174,Upper Slope,33.535885,-117.846826
1384,Ocean 2018,B13-9177,MPA,33.546366,-117.822363
1432,Ocean 2018,B13-9179,Upper Slope,33.554635,-118.016943
1462,Ocean 2018,B13-9185,Outer Shelf,33.564518,-118.017204
1482,Ocean 2018,B13-9187,MPA,33.567318,-117.853792
1522,Ocean 2018,B13-9192,MPA,33.579032,-117.865544
1552,Ocean 2018,B13-9194,Mid Shelf,33.589217,-117.892025
1615,Ocean 2018,B13-9199,Mid Shelf,33.600452,-118.054199
1632,Ocean 2018,B13-9200,Mid Shelf,33.60313,-118.09835
1642,Ocean 2018,B13-9204,Inner Shelf,33.625651,-117.984603
1652,Ocean 2018,B13-9214,Inner Shelf,33.643449,-118.081022
1662,Ocean 2018,B13-9217,Mid Shelf,33.64763,-118.1538
1692,Ocean 2018,B13-9219,Inner Shelf,33.656299,-118.059782
1701,Ocean 2018,B13-9221,Inner Shelf,33.6603,-118.13449
17311,Ocean 2018,B13-9223,Upper Slope,33.67607,-118.33359
1781,Ocean 2018,B13-9228,Upper Slope,33.69252,-118.34422
1831,Ocean 2018,B13-9229,Inner Shelf,33.69511,-118.29172
18511,Ocean 2018,B13-9235,MPA,33.70392,-118.39901
1871,Ocean 2018,B13-9237,MPA,33.7201,-118.4144
18811,Ocean 2018,B13-9239,Inner Shelf,33.7213,-118.15279
1931,Ocean 2018,B13-9245,Inner Shelf,33.73163,-118.11825
2031,Ocean 2018,B13-9251,Outer Shelf,33.76299,-118.45776
2071,Ocean 2018,B13-9257,Inner Shelf,33.8306,-118.400067
2101,Ocean 2018,B13-9266,Mid Shelf,33.858467,-118.445183
21111,Ocean 2018,B13-9271,Mid Shelf,33.895217,-118.535467
2121,Ocean 2018,B13-9286,Mid Shelf,33.9317,-118.538383
2131,Ocean 2018,B13-9287,Outer Shelf,33.93395,-118.590517
2141,Ocean 2018,B13-9292,Mid Shelf,33.943233,-118.515633
2171,Ocean 2018,B13-9300,Outer Shelf,33.953883,-118.59055
22211,Ocean 2018,B13-9303,Inner Shelf,33.962,-118.475433
2241,Ocean 2018,B13-9309,Upper Slope,33.97731,-118.877507
2271,Ocean 2018,B13-9314,MPA,33.99337,-118.86241
2291,Ocean 2018,B13-9316,Mid Shelf,33.994867,-118.6274
23111,Ocean 2018,B13-9319,Inner Shelf,33.997033,-118.49135
2331,Ocean 2018,B13-9320,MPA,34.00077,-118.87336
23411,Ocean 2018,B13-9321,MPA,33.999613,-118.81427
2421,Ocean 2018,B13-9323,MPA,34.000304,-118.822712
2451,Ocean 2018,B13-9325,Outer Shelf,34.006252,-119.054103
24711,Ocean 2018,B13-9326,Mid Shelf,34.0037,-118.76935
2491,Ocean 2018,B13-9331,Mid Shelf,34.0133,-118.66725
2521,Ocean 2018,B13-9336,Inner Shelf,34.019767,-118.743717
2561,Ocean 2018,B13-9339,MPA,34.02242,-118.87612
2571,Ocean 2018,B13-9341,Inner Shelf,34.02265,-118.590817
26011,Ocean 2018,B13-9342,Inner Shelf,34.0262,-118.568983
2621,Ocean 2018,B13-9348,Upper Slope,34.03957,-119.19698
2651,Ocean 2018,B13-9350,Outer Shelf,34.04374,-119.058
2671,Ocean 2018,B13-9354,Upper Slope,34.05092,-119.21821
2691,Ocean 2018,B13-9356,Outer Shelf,34.05389,-119.15568
2712,Ocean 2018,B13-9372,Inner Shelf,34.10179,-119.15284
2731,Ocean 2018,B13-9374,Outer Shelf,34.106938,-119.321987
2741,Ocean 2018,B13-9377,Inner Shelf,34.11387,-119.18192
2751,Ocean 2018,B13-9379,Upper Slope,34.118608,-119.630503
2761,Ocean 2018,B13-9380,Outer Shelf,34.12374,-119.33325
2771,Ocean 2018,B13-9382,Inner Shelf,34.125287,-119.261288
2791,Ocean 2018,B13-9383,Inner Shelf,34.1262,-119.19485
2801,Ocean 2018,B13-9385,Outer Shelf,34.132872,-119.371883
2811,Ocean 2018,B13-9387,Upper Slope,34.143587,-120.177188
2821,Ocean 2018,B13-9388,Upper Slope,34.146005,-119.772347
2831,Ocean 2018,B13-9391,Upper Slope,34.158032,-119.8281
2851,Ocean 2018,B13-9394,Upper Slope,34.169003,-119.54198
2871,Ocean 2018,B13-9396,Upper Slope,34.171304,-119.87626
2931,Ocean 2018,B13-9397,Inner Shelf,34.18497,-119.35116
2941,Ocean 2018,B13-9398,Upper Slope,34.179395,-119.612567
2971,Ocean 2018,B13-9399,Upper Slope,34.182183,-120.40688
3001,Ocean 2018,B13-9400,Upper Slope,34.184059,-120.35593
3021,Ocean 2018,B13-9403,Outer Shelf,34.206832,-119.635323
3031,Ocean 2018,B13-9407,Outer Shelf,34.216753,-119.605325
3041,Ocean 2018,B13-9409,Inner Shelf,34.22391,-119.29943
3051,Ocean 2018,B13-9414,Outer Shelf,34.226393,-119.733735
3061,Ocean 2018,B13-9419,Outer Shelf,34.23285,-119.66165
3081,Ocean 2018,B13-9421,Inner Shelf,34.24567,-119.37254
3091,Ocean 2018,B13-9424,Mid Shelf,34.26338,-119.48072
3101,Ocean 2018,B13-9426,Upper Slope,34.258198,-119.809933
3111,Ocean 2018,B13-9427,Upper Slope,34.260202,-120.282198
3141,Ocean 2018,B13-9431,Outer Shelf,34.28286,-119.6646
3151,Ocean 2018,B13-9432,Outer Shelf,34.277462,-119.717675
3161,Ocean 2018,B13-9433,Mid Shelf,34.27897,-119.5848
3171,Ocean 2018,B13-9435,Upper Slope,34.285222,-120.42729
3191,Ocean 2018,B13-9436,Upper Slope,34.288591,-120.459736
3201,Ocean 2018,B13-9441,Upper Slope,34.314902,-119.88686
3211,Ocean 2018,B13-9444,Outer Shelf,34.320107,-119.750878
3221,Ocean 2018,B13-9447,Inner Shelf,34.34453,-119.46177
3241,Ocean 2018,B13-9448,Mid Shelf,34.346364,-119.779392
3251,Ocean 2018,B13-9449,Mid Shelf,34.344263,-119.562572
3271,Ocean 2018,B13-9450,Upper Slope,34.34458,-120.370385
3311,Ocean 2018,B13-9454,MPA,34.360922,-119.854586
3321,Ocean 2018,B13-9455,Outer Shelf,34.362304,-119.895231
3341,Ocean 2018,B13-9456,Mid Shelf,34.362338,-119.85358
3351,Ocean 2018,B13-9457,Upper Slope,34.363057,-120.009978
3361,Ocean 2018,B13-9458,Mid Shelf,34.36851,-119.54238
3381,Ocean 2018,B13-9459,Upper Slope,34.368948,-120.116513
3401,Ocean 2018,B13-9465,MPA,34.394734,-119.85726
3451,Ocean 2018,B13-9466,Inner Shelf,34.393408,-119.668002
3461,Ocean 2018,B13-9467,Inner Shelf,34.3996,-119.86724
3471,Ocean 2018,B13-9468,MPA,34.40112,-119.8791
3481,Ocean 2018,B13-9470,Mid Shelf,34.40006,-119.8346
3511,Ocean 2018,B13-9471,Inner Shelf,34.403698,-119.812175
3541,Ocean 2018,B13-9476,Outer Shelf,34.420267,-120.268282
3571,Ocean 2018,B13-9482,Mid Shelf,34.443547,-120.285017
3591,Ocean 2018,B13-9487,Inner Shelf,34.464803,-120.177835