"objectid","stationid","latitude","longitude","stationwaterdepth","stationwaterdepthunits","areaweight","stratum","shape","point_x","point_y"
843,"GS00","99.00000000","99.00000000",NULL,NULL,NULL,NULL,NULL,NULL,NULL
846,"E14","33.66570000","-117.32480000",NULL,NULL,NULL,NULL,NULL,NULL,NULL
862,"B8","32.75826000","-117.34618000",NULL,NULL,NULL,NULL,NULL,NULL,NULL
863,"I27","32.57444000","-117.19100000",NULL,NULL,NULL,NULL,NULL,NULL,NULL
847,"E26","33.73030000","-117.34280000",NULL,NULL,NULL,NULL,NULL,NULL,NULL
1495570344,"0000","0.00000000","0.00000000",1,"M","0.00000000","None",NULL,NULL,NULL
1495570343,"0","0.00000000","0.00000000",1,"M","0.00000000","None",NULL,NULL,NULL
1495570498,"B18-8002","32.55660000","-117.12800000",1,"M","0.09200924","Estuaries",NULL,NULL,NULL
1495570499,"B18-8008","32.55830000","-117.12100000",1,"M","0.09200924","Estuaries",NULL,NULL,NULL
1495570500,"B18-8013","32.62360000","-117.13300000",3,"M","0.25114157","Marina",NULL,NULL,NULL
1495570501,"B18-8014","32.62660000","-117.13400000",3,"M","0.25114157","Marina",NULL,NULL,NULL
1495570502,"B18-8017","32.63160000","-117.13100000",4,"M","3.21643623","Bay",NULL,NULL,NULL
1495570503,"B18-8018","32.63420000","-117.10700000",1,"M","0.27664165","Port",NULL,NULL,NULL
1495570504,"B18-8020","32.64180000","-117.13100000",5,"M","3.21643623","Bay",NULL,NULL,NULL
1495570505,"B18-8028","32.64660000","-117.11900000",12,"M","0.00000000","Bay",NULL,NULL,NULL
1495570506,"B18-8029","32.64690000","-117.11800000",10,"M","0.20086571","Bay",NULL,NULL,NULL
1495570507,"B18-8030","32.64730000","-117.11700000",13,"M","0.00000000","Bay",NULL,NULL,NULL
1495570508,"B18-8031","32.64760000","-117.12100000",13,"M","0.00000000","Port",NULL,NULL,NULL
1495570509,"B18-8033","32.64760000","-117.12000000",8,"M","0.00000000","Port",NULL,NULL,NULL
1495570510,"B18-8036","32.64790000","-117.11600000",12,"M","0.00000000","Estuaries",NULL,NULL,NULL
1495570511,"B18-8038","32.64830000","-117.11400000",12,"M","0.00000000","Estuaries",NULL,NULL,NULL
1495570512,"B18-8040","32.64920000","-117.11000000",4,"M","0.00000000","Estuaries",NULL,NULL,NULL
1495570513,"B18-8043","32.65030000","-117.10500000",3,"M","0.28851958","Estuaries",NULL,NULL,NULL
1495570514,"B18-8045","32.65160000","-117.12200000",12,"M","0.83119886","Port",NULL,NULL,NULL
1495570515,"B18-8049","32.65620000","-117.12200000",12,"M","0.00000000","Port",NULL,NULL,NULL
1495570516,"B18-8050","32.65770000","-117.12300000",12,"M","0.00000000","Port",NULL,NULL,NULL
1495570517,"B18-8052","32.65830000","-117.14400000",5,"M","3.21643623","Bay",NULL,NULL,NULL
1495570518,"B18-8053","32.65840000","-117.12000000",5,"M","0.00000000","Port",NULL,NULL,NULL
1495570519,"B18-8056","32.66060000","-117.12300000",10,"M","0.58549264","Port",NULL,NULL,NULL
1495570520,"B18-8058","32.66150000","-117.14400000",5,"M","3.21643623","Bay",NULL,NULL,NULL
1495570521,"B18-8060","32.66520000","-117.15000000",4,"M","3.21643623","Bay",NULL,NULL,NULL
1495570522,"B18-8064","32.67100000","-117.12400000",12,"M","0.00000000","Port",NULL,NULL,NULL
1495570523,"B18-8065","32.67160000","-117.11900000",7,"M","0.58549264","Port",NULL,NULL,NULL
1495570524,"B18-8066","32.67170000","-117.12500000",12,"M","0.00000000","Port",NULL,NULL,NULL
1495570525,"B18-8068","32.67550000","-117.14400000",5,"M","2.41020261","Bay",NULL,NULL,NULL
1495570526,"B18-8069","32.67610000","-117.12800000",12,"M","0.00000000","Port",NULL,NULL,NULL
1495570527,"B18-8073","32.68050000","-117.17500000",5,"M","0.25114157","Marina",NULL,NULL,NULL
1495570528,"B18-8074","32.68550000","-117.13700000",10,"M","0.00000000","Port",NULL,NULL,NULL
1495570529,"B18-8075","32.68560000","-117.13400000",9,"M","0.00000000","Port",NULL,NULL,NULL
1495570530,"B18-8076","32.68630000","-117.13300000",10,"M","0.00000000","Port",NULL,NULL,NULL
1495570531,"B18-8077","32.68650000","-117.13400000",10,"M","0.00000000","Port",NULL,NULL,NULL
1495570532,"B18-8078","32.68670000","-117.14900000",13,"M","2.41020261","Bay",NULL,NULL,NULL
1495570533,"B18-8085","32.69170000","-117.23800000",15,"M","0.83119886","Port",NULL,NULL,NULL
1495570534,"B18-8087","32.69170000","-117.15300000",13,"M","0.83119886","Port",NULL,NULL,NULL
1495570535,"B18-8090","32.69290000","-117.14800000",8,"M","0.00000000","Port",NULL,NULL,NULL
1495570536,"B18-8093","32.69560000","-117.16300000",14,"M","2.41020261","Bay",NULL,NULL,NULL
1495570537,"B18-8095","32.69610000","-117.15300000",13,"M","0.00000000","Port",NULL,NULL,NULL
1495570538,"B18-8096","32.69870000","-117.15900000",14,"M","0.00000000","Bay",NULL,NULL,NULL
1495570539,"B18-8098","32.69980000","-117.16100000",15,"M","0.00000000","Bay",NULL,NULL,NULL
1495570540,"B18-8099","32.70200000","-117.16100000",9,"M","0.00000000","Port",NULL,NULL,NULL
1495570541,"B18-8100","32.70240000","-117.16200000",9,"M","0.58549264","Port",NULL,NULL,NULL
1495570542,"B18-8102","32.71150000","-117.23300000",7,"M","0.25114157","Marina",NULL,NULL,NULL
1495570543,"B18-8105","32.71230000","-117.21400000",4,"M","3.21643623","Bay",NULL,NULL,NULL
1495570544,"B18-8106","32.71230000","-117.23200000",6,"M","0.25114157","Marina",NULL,NULL,NULL
1495570545,"B18-8108","32.71450000","-117.23000000",5,"M","0.00000000","Marina",NULL,NULL,NULL
1495570546,"B18-8109","32.71500000","-117.18300000",12,"M","2.41020261","Bay",NULL,NULL,NULL
1495570547,"B18-8111","32.71610000","-117.17400000",12,"M","0.27664165","Port",NULL,NULL,NULL
1495570548,"B18-8112","32.71620000","-117.17600000",13,"M","0.83119886","Port",NULL,NULL,NULL
1495570549,"B18-8113","32.71690000","-117.22500000",5,"M","0.25114157","Marina",NULL,NULL,NULL
1495570550,"B18-8116","32.71850000","-117.23100000",4,"M","0.25114157","Marina",NULL,NULL,NULL
1495570551,"B18-8117","32.71860000","-117.22600000",6,"M","0.25114157","Marina",NULL,NULL,NULL
1495570552,"B18-8118","32.71990000","-117.17900000",11,"M","2.41020261","Bay",NULL,NULL,NULL
1495570553,"B18-8121","32.72440000","-117.22500000",3,"M","0.00000000","Marina",NULL,NULL,NULL
1495570554,"B18-8122","32.72410000","-117.18300000",5,"M","2.41020261","Bay",NULL,NULL,NULL
1495570555,"B18-8123","32.72500000","-117.18400000",6,"M","0.27843246","Marina",NULL,NULL,NULL
1495570556,"B18-8124","32.72630000","-117.18700000",4,"M","0.27843246","Marina",NULL,NULL,NULL
1495570557,"B18-8127","32.72670000","-117.20200000",4,"M","0.25114157","Marina",NULL,NULL,NULL
1495570558,"B18-8128","32.72720000","-117.19200000",5,"M","0.27843246","Marina",NULL,NULL,NULL
1495570559,"B18-8129","32.75680000","-117.23500000",1,"M","0.16147762","Estuaries",NULL,NULL,NULL
1495570560,"B18-8134","32.75740000","-117.23800000",1,"M","0.16147762","Estuaries",NULL,NULL,NULL
1495570561,"B18-8136","32.75790000","-117.22700000",1,"M","0.16147762","Estuaries",NULL,NULL,NULL
1495570562,"B18-8145","32.76160000","-117.23800000",8,"M","0.24563136","Marina",NULL,NULL,NULL
1495570563,"B18-8146","32.76250000","-117.23600000",8,"M","0.15484929","Marina",NULL,NULL,NULL
1495570564,"B18-8151","32.76720000","-117.23600000",4,"M","0.15484929","Marina",NULL,NULL,NULL
1495570565,"B18-8152","32.76790000","-117.24100000",7,"M","0.57319560","Bay",NULL,NULL,NULL
1495570566,"B18-8156","32.78070000","-117.24900000",3,"M","0.42338717","Marina",NULL,NULL,NULL
1495570567,"B18-8157","32.78290000","-117.23000000",3,"M","3.24468756","Bay",NULL,NULL,NULL
1495570568,"B18-8159","32.78450000","-117.21500000",4,"M","3.24468756","Bay",NULL,NULL,NULL
1495570569,"B18-8160","32.78740000","-117.20900000",3,"M","0.00000000","Bay",NULL,NULL,NULL
1495570570,"B18-8163","32.79440000","-117.22000000",2,"M","0.00000000","Bay",NULL,NULL,NULL
1495570571,"B18-8169","32.93170000","-117.25200000",2,"M","0.04728326","Estuaries",NULL,NULL,NULL
1495570572,"B18-8176","32.93360000","-117.25700000",1,"M","0.04728326","Estuaries",NULL,NULL,NULL
1495570573,"B18-8179","32.96610000","-117.25200000",1,"M","0.11419826","Estuaries",NULL,NULL,NULL
1495570574,"B18-8180","32.96640000","-117.25800000",1,"M","0.11419826","Estuaries",NULL,NULL,NULL
1495570575,"B18-8187","32.97080000","-117.25800000",1,"M","0.11419826","Estuaries",NULL,NULL,NULL
1495570576,"B18-8188","33.01600000","-117.28100000",1,"M","0.03476763","Estuaries",NULL,NULL,NULL
1495570577,"B18-8189","33.01210000","-117.27500000",1,"M","0.03476763","Estuaries",NULL,NULL,NULL
1495570578,"B18-8200","33.08500000","-117.31000000",2,"M","0.30885090","Estuaries",NULL,NULL,NULL
1495570579,"B18-8202","33.08810000","-117.29100000",1,"M","0.30885090","Estuaries",NULL,NULL,NULL
1495570580,"B18-8205","33.08880000","-117.29600000",2,"M","0.30885090","Estuaries",NULL,NULL,NULL
1495570581,"B18-8218","33.13910000","-117.33800000",6,"M","0.35279110","Estuaries",NULL,NULL,NULL
1495570582,"B18-8219","33.13950000","-117.31900000",1,"M","0.35279110","Estuaries",NULL,NULL,NULL
1495570583,"B18-8222","33.14010000","-117.32400000",3,"M","0.35279110","Estuaries",NULL,NULL,NULL
1495570584,"B18-8233","33.20470000","-117.39100000",4,"M","0.00000000","Marina",NULL,NULL,NULL
1495570585,"B18-8236","33.20710000","-117.39400000",6,"M","0.00000000","Marina",NULL,NULL,NULL
1495570586,"B18-8239","33.20790000","-117.39700000",7,"M","0.00000000","Marina",NULL,NULL,NULL
1495570587,"B18-8248","33.23190000","-117.41300000",1,"M","0.07462020","Estuaries",NULL,NULL,NULL
1495570588,"B18-8250","33.23200000","-117.41200000",1,"M","0.07462020","Estuaries",NULL,NULL,NULL
1495570589,"B18-8253","33.23320000","-117.41300000",1,"M","0.07462020","Estuaries",NULL,NULL,NULL
1495570590,"B18-8259","33.45950000","-117.69700000",4,"M","0.00000000","Marina",NULL,NULL,NULL
1495570591,"B18-8263","33.46030000","-117.70600000",5,"M","0.00000000","Marina",NULL,NULL,NULL
1495570592,"B18-8265","33.46090000","-117.70200000",4,"M","0.00000000","Marina",NULL,NULL,NULL
1495570593,"B18-8267","33.46210000","-117.70200000",3,"M","0.00000000","Marina",NULL,NULL,NULL
1495570594,"B18-8269","33.60089925","-117.89466146",3,"M","0.63701536","Marina",NULL,NULL,NULL
1495570595,"B18-8273","33.60909831","-117.90463867",6,"M","0.63701536","Marina",NULL,NULL,NULL
1495570596,"B18-8274","33.61386719","-117.91481120",3,"M","0.63701536","Marina",NULL,NULL,NULL
1495570597,"B18-8275","33.61531000","-117.89431000",6,"Ft","0.63701536","Marina",NULL,NULL,NULL
1495570598,"B18-8279","33.61643000","-117.90532000",12,"Ft","0.63701536","Marina",NULL,NULL,NULL
1495570599,"B18-8280","33.61925049","-117.92692057",6,"M","0.63701536","Marina",NULL,NULL,NULL
1495570600,"B18-8286","33.63577784","-117.95618241",6,"Ft","0.32759147","Estuaries",NULL,NULL,NULL
1495570601,"B18-8287","33.63653830","-117.95373942",3,"Ft","0.32759147","Estuaries",NULL,NULL,NULL
1495570602,"B18-8290","33.64579000","-117.88890000",18,"Ft","0.32759147","Estuaries",NULL,NULL,NULL
1495570603,"B18-8291","33.64676000","-117.88682000",20,"Ft","0.32759147","Estuaries",NULL,NULL,NULL
1495570604,"B18-8292","33.64705000","-117.88421000",19,"Ft","0.32759147","Estuaries",NULL,NULL,NULL
1495570605,"B18-8295","33.68650000","-118.03607000",9,"Ft","0.32759147","Estuaries",NULL,NULL,NULL
1495570606,"B18-8298","33.69741000","-118.04051000",8,"Ft","0.32759147","Estuaries",NULL,NULL,NULL
1495570607,"B18-8301","33.70984000","-118.05970000",5,"Ft","0.32759147","Estuaries",NULL,NULL,NULL
1495570608,"B18-8302","33.71240000","-118.25800000",25,"M","2.00312386","Bay",NULL,NULL,NULL
1495570609,"B18-8304","33.71340000","-118.24100000",24,"M","2.00312386","Bay",NULL,NULL,NULL
1495570610,"B18-8306","33.71480000","-118.28300000",3,"M","2.00312386","Bay",NULL,NULL,NULL
1495570611,"B18-8308","33.71740000","-118.24400000",23,"M","0.95519702","Port",NULL,NULL,NULL
1495570612,"B18-8310","33.71790000","-118.23300000",14,"M","0.95519702","Port",NULL,NULL,NULL
1495570613,"B18-8315","33.72425000","-118.15265000",15,"M","2.00312386","Bay",NULL,NULL,NULL
1495570614,"B18-8316","33.72390000","-118.26300000",27,"M","0.95519702","Port",NULL,NULL,NULL
1495570615,"B18-8318","33.72420000","-118.22400000",18,"M","2.00312386","Bay",NULL,NULL,NULL
1495570616,"B18-8319","33.72576667","-118.13758333",12,"M","2.00312386","Bay",NULL,NULL,NULL
1495570617,"B18-8321","33.72707000","-118.07011000",16,"Ft","0.63701536","Marina",NULL,NULL,NULL
1495570618,"B18-8322","33.72760000","-118.21300000",21,"M","2.00312386","Bay",NULL,NULL,NULL
1495570619,"B18-8325","33.72830000","-118.15693333",14,"M","2.00312386","Bay",NULL,NULL,NULL
1495570620,"B18-8326","33.72920000","-118.23400000",11,"M","0.95519702","Port",NULL,NULL,NULL
1495570621,"B18-8328","33.73076000","-118.08191000",18,"Ft","0.32759147","Estuaries",NULL,NULL,NULL
1495570622,"B18-8333","33.73110000","-118.19200000",15,"M","0.95519702","Port",NULL,NULL,NULL
1495570623,"B18-8338","33.73515000","-118.09149000",46,"Ft","0.95519702","Port",NULL,NULL,NULL
1495570624,"B18-8340","33.73550000","-118.27700000",18,"M","0.95519702","Port",NULL,NULL,NULL
1495570625,"B18-8346","33.73908333","-118.14501667",10,"M","2.00312386","Bay",NULL,NULL,NULL
1495570626,"B18-8347","33.73890000","-118.21000000",27,"M","0.95519702","Port",NULL,NULL,NULL
1495570627,"B18-8349","33.73900000","-118.23600000",14,"M","0.95519702","Port",NULL,NULL,NULL
1495570628,"B18-8350","33.73998333","-118.17120000",12,"M","2.00312386","Bay",NULL,NULL,NULL
1495570629,"B18-8351","33.74028333","-118.15943333",11,"M","2.00312386","Bay",NULL,NULL,NULL
1495570630,"B18-8353","33.74154000","-118.11671000",2,"M","0.32759147","Estuaries",NULL,NULL,NULL
1495570631,"B18-8355","33.74240000","-118.15280000",10,"M","2.00312386","Bay",NULL,NULL,NULL
1495570632,"B18-8356","33.74340000","-118.20400000",19,"M","0.95519702","Port",NULL,NULL,NULL
1495570633,"B18-8358","33.74423333","-118.16831667",10,"M","2.00312386","Bay",NULL,NULL,NULL
1495570634,"B18-8360","33.74550000","-118.21600000",20,"M","0.95519702","Port",NULL,NULL,NULL
1495570635,"B18-8363","33.74720000","-118.22100000",15,"M","0.95519702","Port",NULL,NULL,NULL
1495570636,"B18-8365","33.74770000","-118.19800000",16,"M","0.95519702","Port",NULL,NULL,NULL
1495570637,"B18-8367","33.74850000","-118.24900000",3,"M","0.95519702","Port",NULL,NULL,NULL
1495570638,"B18-8371","33.75110000","-118.23100000",17,"M","0.95519702","Port",NULL,NULL,NULL
1495570639,"B18-8372","33.75117617","-118.11886781",12,"Ft","0.63701536","Marina",NULL,NULL,NULL
1495570640,"B18-8374","33.75270000","-118.21800000",18,"M","0.95519702","Port",NULL,NULL,NULL
1495570641,"B18-8375","33.75300000","-118.17718333",9,"M","2.00312386","Bay",NULL,NULL,NULL
1495570642,"B18-8378","33.75297000","-118.10520000",4,"M","0.32759147","Estuaries",NULL,NULL,NULL
1495570643,"B18-8382","33.75530000","-118.23000000",18,"M","0.95519702","Port",NULL,NULL,NULL
1495570644,"B18-8383","33.75545714","-118.12979343",20,"Ft","0.63701536","Marina",NULL,NULL,NULL
1495570645,"B18-8384","33.75690000","-118.27700000",18,"M","0.95519702","Port",NULL,NULL,NULL
1495570646,"B18-8388","33.75923333","-118.16303333",5,"M","2.00312386","Bay",NULL,NULL,NULL
1495570647,"B18-8389","33.76001625","-118.12608703",19,"Ft","0.63701536","Marina",NULL,NULL,NULL
1495570648,"B18-8390","33.76103000","-118.20206000",9,"Ft","0.32759147","Estuaries",NULL,NULL,NULL
1495570649,"B18-8391","33.76273000","-118.20478000",20,"Ft","0.32759147","Estuaries",NULL,NULL,NULL
1495570650,"B18-8394","33.76592345","-118.10382962",8,"Ft","0.32759147","Estuaries",NULL,NULL,NULL
1495570651,"B18-8396","33.76620000","-118.27700000",15,"M","0.95519702","Port",NULL,NULL,NULL
1495570652,"B18-8397","33.76700000","-118.24900000",4,"M","0.63701536","Marina",NULL,NULL,NULL
1495570653,"B18-8399","33.76870000","-118.22200000",19,"M","0.95519702","Port",NULL,NULL,NULL
1495570654,"B18-8401","33.77160000","-118.21200000",14,"M","0.95519702","Port",NULL,NULL,NULL
1495570655,"B18-8403","33.78072000","-118.20577000",9,"Ft","0.32759147","Estuaries",NULL,NULL,NULL
1495570656,"B18-8407","33.96451667","-118.45355000",5,"M","0.63701536","Marina",NULL,NULL,NULL
1495570657,"B18-8409","33.97015000","-118.44826667",5,"M","0.63701536","Marina",NULL,NULL,NULL
1495570658,"B18-8411","33.00000000","118.00000000",7,"Ft","0.32759147","Estuaries",NULL,NULL,NULL
1495570659,"B18-8413","33.97541667","-118.44683333",4,"M","0.63701536","Marina",NULL,NULL,NULL
1495570660,"B18-8417","33.98298000","-118.45051667",2,"M","0.63701536","Marina",NULL,NULL,NULL
1495570661,"B18-8419","34.10068000","-119.08710000",3,"Ft","0.32759147","Estuaries",NULL,NULL,NULL
1495570662,"B18-8421","34.11263000","-119.08413000",6,"Ft","0.32759147","Estuaries",NULL,NULL,NULL
1495570663,"B18-8425","34.17116000","-119.22350000",3,"M","0.63701536","Marina",NULL,NULL,NULL
1495570664,"B18-8426","34.17310000","-119.22354000",4,"M","0.63701536","Marina",NULL,NULL,NULL
1495570665,"B18-8430","34.24421000","-119.26492000",2,"M","0.63701536","Marina",NULL,NULL,NULL
1495570666,"B18-8431","34.40456000","-119.68901000",2,"M","0.63701536","Marina",NULL,NULL,NULL
1495570667,"B18-8500","32.72700000","-117.17700000",6,"M","0.00000000","Marina",NULL,NULL,NULL
1495570668,"B18-9001","32.51629000","-117.30865000",280,"M","19.45409621","Upper Slope",NULL,NULL,NULL
1495570669,"B18-9002","32.52183000","-117.35475000",320,"M","19.45409621","Upper Slope",NULL,NULL,NULL
1495570670,"B18-9005","32.53735000","-117.15519000",19,"M","35.65453697","Inner Shelf",NULL,NULL,NULL
1495570671,"B18-9007","32.55148000","-117.19950000",35,"M","65.90051474","Mid Shelf",NULL,NULL,NULL
1495570672,"B18-9009","32.55417000","-117.41068000",648,"M","68.83907901","Lower Slope",NULL,NULL,NULL
1495570673,"B18-9011","32.58574000","-117.34070000",183,"M","18.82950800","Outer Shelf",NULL,NULL,NULL
1495570674,"B18-9012","32.58969000","-117.26429000",58,"M","65.90051474","Mid Shelf",NULL,NULL,NULL
1495570675,"B18-9019","32.64409000","-117.42795000",154,"M","18.82950800","Outer Shelf",NULL,NULL,NULL
1495570676,"B18-9021","32.66044000","-117.41113000",346,"M","19.45409621","Upper Slope",NULL,NULL,NULL
1495570677,"B18-9022","32.66065000","-117.38945000",277,"M","19.45409621","Upper Slope",NULL,NULL,NULL
1495570678,"B18-9023","32.66973000","-117.42063000",430,"M","19.45409621","Upper Slope",NULL,NULL,NULL
1495570679,"B18-9025","32.67264000","-117.29913000",77,"M","65.90051474","Mid Shelf",NULL,NULL,NULL
1495570680,"B18-9026","32.69290000","-117.39491000",372,"M","19.45409621","Upper Slope",NULL,NULL,NULL
1495570681,"B18-9028","32.69552000","-117.36628000",272,"M","19.45409621","Upper Slope",NULL,NULL,NULL
1495570682,"B18-9030","32.70106000","-117.43975000",525,"M","68.83907901","Lower Slope",NULL,NULL,NULL
1495570683,"B18-9033","32.73757000","-117.40812000",425,"M","19.45409621","Upper Slope",NULL,NULL,NULL
1495570684,"B18-9035","32.74102000","-117.42647000",465,"M","19.45409621","Upper Slope",NULL,NULL,NULL
1495570685,"B18-9036","32.75920000","-117.42252000",457,"M","19.45409621","Upper Slope",NULL,NULL,NULL
1495570686,"B18-9037","32.76406000","-117.31932000",68,"M","65.90051474","Mid Shelf",NULL,NULL,NULL
1495570687,"B18-9040","32.78106000","-117.26935000",17,"M","35.65453697","Inner Shelf",NULL,NULL,NULL
1495570688,"B18-9041","32.78717000","-117.55474000",942,"M","68.83907901","Lower Slope",NULL,NULL,NULL
1495570689,"B18-9047","32.81508000","-117.45188000",668,"M","68.83907901","Lower Slope",NULL,NULL,NULL
1495570690,"B18-9049","32.82042000","-117.33919000",83,"M","3.91162170","Mid Shelf",NULL,NULL,NULL
1495570691,"B18-9055","32.82917000","-117.37806000",275,"M","19.45409621","Upper Slope",NULL,NULL,NULL
1495570692,"B18-9056","32.83188000","-117.35921000",146,"M","18.82950800","Outer Shelf",NULL,NULL,NULL
1495570693,"B18-9057","32.85103000","-117.41079000",527,"M","68.83907901","Lower Slope",NULL,NULL,NULL
1495570694,"B18-9059","32.85898000","-117.26630000",23,"M","5.70413193","Inner Shelf",NULL,NULL,NULL
1495570695,"B18-9060","32.86319000","-117.44713000",607,"M","68.83907901","Lower Slope",NULL,NULL,NULL
1495570696,"B18-9068","32.88365000","-117.28334000",244,"M","19.45409621","Upper Slope",NULL,NULL,NULL
1495570697,"B18-9069","32.88862000","-117.53744000",839,"M","14.85364348","Canyon Bottom",NULL,NULL,NULL
1495570698,"B18-9071","32.90256000","-117.50521000",805,"M","14.85364348","Canyon Bottom",NULL,NULL,NULL
1495570699,"B18-9073","32.90951000","-117.29780000",190,"M","18.82950800","Outer Shelf",NULL,NULL,NULL
1495570700,"B18-9074","32.90951000","-117.31230000",308,"M","19.45409621","Upper Slope",NULL,NULL,NULL
1495570701,"B18-9076","32.91632000","-117.36379000",533,"M","14.85364348","Canyon Bottom",NULL,NULL,NULL
1495570702,"B18-9080","32.92487000","-117.26565000",11,"M","35.65453697","Inner Shelf",NULL,NULL,NULL
1495570703,"B18-9084","32.93167000","-117.39472000",562,"M","68.83907901","Lower Slope",NULL,NULL,NULL
1495570704,"B18-9085","32.93232000","-117.53423000",800,"M","68.83907901","Lower Slope",NULL,NULL,NULL
1495570705,"B18-9087","33.00268000","-117.29807000",32,"M","6.35969097","Mid Shelf",NULL,NULL,NULL
1495570706,"B18-9091","33.01783000","-117.34105000",251,"M","92.62330541","Upper Slope",NULL,NULL,NULL
1495570707,"B18-9092","33.02680000","-117.33700000",173,"M","4.35019692","Outer Shelf",NULL,NULL,NULL
1495570708,"B18-9093","33.03243000","-117.66875000",854,"M","572.13202740","Lower Slope",NULL,NULL,NULL
1495570709,"B18-9095","33.03868000","-117.50238000",676,"M","5.99140582","Canyon Bottom",NULL,NULL,NULL
1495570710,"B18-9099","33.06344000","-117.49002000",634,"M","5.99140582","Canyon Bottom",NULL,NULL,NULL
1495570711,"B18-9100","33.06737000","-117.36733000",189,"M","18.82950800","Outer Shelf",NULL,NULL,NULL
1495570712,"B18-9104","33.08340000","-117.34258000",62,"M","65.90051474","Mid Shelf",NULL,NULL,NULL
1495570713,"B18-9105","33.08764000","-117.35097000",73,"M","65.90051474","Mid Shelf",NULL,NULL,NULL
1495570714,"B18-9106","33.09091000","-117.43286000",484,"M","5.99140582","Canyon Bottom",NULL,NULL,NULL
1495570715,"B18-9107","33.09383000","-117.41715000",405,"M","92.62330541","Upper Slope",NULL,NULL,NULL
1495570716,"B18-9109","33.10192000","-117.63110000",788,"M","572.13202740","Lower Slope",NULL,NULL,NULL
1495570717,"B18-9111","33.10526000","-117.36216000",85,"M","65.90051474","Mid Shelf",NULL,NULL,NULL
1495570718,"B18-9121","33.17577000","-117.38153000",14,"M","35.65453697","Inner Shelf",NULL,NULL,NULL
1495570719,"B18-9122","33.18836670","-117.49545898",256,"M","92.62330541","Upper Slope",NULL,NULL,NULL
1495570720,"B18-9125","33.22101644","-117.51147461",181,"M","18.82950800","Outer Shelf",NULL,NULL,NULL
1495570721,"B18-9129","33.26558431","-117.53344727",62,"M","65.90051474","Mid Shelf",NULL,NULL,NULL
1495570722,"B18-9130","33.26901855","-117.53950195",62,"M","65.90051474","Mid Shelf",NULL,NULL,NULL
1495570723,"B18-9131","33.26975098","-117.56482747",78,"M","65.90051474","Mid Shelf",NULL,NULL,NULL
1495570724,"B18-9132","33.27403158","-118.08637695",826,"M","572.13202740","Lower Slope",NULL,NULL,NULL
1495570725,"B18-9133","33.31746826","-118.16061198",787,"M","572.13202740","Lower Slope",NULL,NULL,NULL
1495570726,"B18-9135","33.35303141","-117.56404622",11,"M","35.65453697","Inner Shelf",NULL,NULL,NULL
1495570727,"B18-9137","33.36876628","-117.68987630",411,"M","92.62330541","Upper Slope",NULL,NULL,NULL
1495570728,"B18-9148","33.46395000","-118.39474000",595,"M","572.13202740","Lower Slope",NULL,NULL,NULL
1495570729,"B18-9149","33.46389974","-117.91927083",558,"M","572.13202740","Lower Slope",NULL,NULL,NULL
1495570730,"B18-9150","33.46403402","-117.76189779",155,"M","18.82950800","Outer Shelf",NULL,NULL,NULL
1495570731,"B18-9151","33.46416829","-118.06583659",582,"M","10.88819938","Canyon Bottom",NULL,NULL,NULL
1495570732,"B18-9152","33.47408447","-117.73647461",27,"M","5.70413193","Inner Shelf",NULL,NULL,NULL
1495570733,"B18-9155","33.48691000","-118.42353000",900,"M","572.13202740","Lower Slope",NULL,NULL,NULL
1495570734,"B18-9159","33.50058187","-117.75336914",23,"M","5.70413193","Inner Shelf",NULL,NULL,NULL
1495570735,"B18-9160","33.50426839","-117.91601563",493,"M","2.42587600","Canyon Bottom",NULL,NULL,NULL
1495570736,"B18-9161","33.50483398","-117.77298177",50,"M","3.91162170","Mid Shelf",NULL,NULL,NULL
1495570737,"B18-9163","33.50806478","-117.81394857",432,"M","2.60268177","Upper Slope",NULL,NULL,NULL
1495570738,"B18-9166","33.51216634","-117.77148438",41,"M","3.91162170","Mid Shelf",NULL,NULL,NULL
1495570739,"B18-9170","33.51513265","-118.07760417",484,"M","10.88819938","Canyon Bottom",NULL,NULL,NULL
1495570740,"B18-9171","33.52098389","-117.77047526",16,"M","6.35969097","Inner Shelf",NULL,NULL,NULL
1495570741,"B18-9173","33.52438151","-117.79563802",60,"M","9.44343385","Mid Shelf",NULL,NULL,NULL
1495570742,"B18-9174","33.53681641","-117.84770508",345,"M","92.62330541","Upper Slope",NULL,NULL,NULL
1495570743,"B18-9177","33.54816488","-117.82524414",55,"M","3.91162170","Mid Shelf",NULL,NULL,NULL
1495570744,"B18-9178","33.55368245","-117.92879232",359,"M","2.42587600","Canyon Bottom",NULL,NULL,NULL
1495570745,"B18-9179","33.55609945","-118.02195638",227,"M","92.62330541","Upper Slope",NULL,NULL,NULL
1495570746,"B18-9185","33.56498210","-118.01902669",142,"M","18.82950800","Outer Shelf",NULL,NULL,NULL
1495570747,"B18-9186","33.56521810","-117.84750977",47,"M","3.91162170","Mid Shelf",NULL,NULL,NULL
1495570748,"B18-9190","33.57922000","-118.32894000",690,"M","572.13202740","Lower Slope",NULL,NULL,NULL
1495570749,"B18-9192","33.58120117","-117.86808268",23,"M","5.70413193","Inner Shelf",NULL,NULL,NULL
1495570750,"B18-9193","33.58505046","-118.11346029",154,"M","10.88819938","Canyon Bottom",NULL,NULL,NULL
1495570751,"B18-9194","33.58993327","-117.89464518",34,"M","65.90051474","Mid Shelf",NULL,NULL,NULL
1495570752,"B18-9197","33.60030111","-117.93321940",63,"M","2.42587600","Canyon Bottom",NULL,NULL,NULL
1495570753,"B18-9199","33.60194906","-118.05646159",38,"M","65.90051474","Mid Shelf",NULL,NULL,NULL
1495570754,"B18-9201","33.61355000","-118.72014000",750,"M","572.13202740","Lower Slope",NULL,NULL,NULL
1495570755,"B18-9202","33.62100000","-118.19500000",43,"M","65.90051474","Mid Shelf",NULL,NULL,NULL
1495570756,"B18-9204","33.62801514","-117.98735352",13,"M","35.65453697","Inner Shelf",NULL,NULL,NULL
1495570757,"B18-9205","33.63057000","-118.26751000",200,"M","1.49142511","Canyon Bottom",NULL,NULL,NULL
1495570758,"B18-9207","33.63781000","-118.30256000",613,"M","1.49142511","Lower Slope",NULL,NULL,NULL
1495570759,"B18-9210","33.63910000","-118.34243000",700,"M","1.49142511","Canyon Bottom",NULL,NULL,NULL
1495570760,"B18-9211","33.64003000","-118.33711000",710,"M","1.49142511","Canyon Bottom",NULL,NULL,NULL
1495570761,"B18-9214","33.64340007","-118.07874349",26,"M","35.65453697","Inner Shelf",NULL,NULL,NULL
1495570762,"B18-9217","33.64810000","-118.14900000",31,"M","65.90051474","Mid Shelf",NULL,NULL,NULL
1495570763,"B18-9219","33.65480143","-118.05859375",18,"M","35.65453697","Inner Shelf",NULL,NULL,NULL
1495570764,"B18-9221","33.65960000","-118.13100000",27,"M","35.65453697","Inner Shelf",NULL,NULL,NULL
1495570765,"B18-9223","33.67590000","-118.33200000",470,"M","92.62330541","Upper Slope",NULL,NULL,NULL
1495570766,"B18-9225","33.68738000","-118.52052000",820,"M","3.52115418","Canyon Bottom",NULL,NULL,NULL
1495570767,"B18-9228","33.69420000","-118.34700000",257,"M","92.62330541","Upper Slope",NULL,NULL,NULL
1495570768,"B18-9229","33.69520000","-118.29600000",27,"M","35.65453697","Inner Shelf",NULL,NULL,NULL
1495570769,"B18-9231","33.69811000","-118.43213000",820,"M","9.01599966","Lower Slope",NULL,NULL,NULL
1495570770,"B18-9236","33.71168000","-118.45890000",810,"M","9.01599966","Lower Slope",NULL,NULL,NULL
1495570771,"B18-9237","33.72150000","-118.41800000",295,"M","17.75555717","Upper Slope",NULL,NULL,NULL
1495570772,"B18-9239","33.72240000","-118.15481667",16,"M","35.65453697","Inner Shelf",NULL,NULL,NULL
1495570773,"B18-9241","33.72519000","-118.45571000",770,"M","9.01599966","Lower Slope",NULL,NULL,NULL
1495570774,"B18-9245","33.73311667","-118.12188333",5,"M","35.65453697","Inner Shelf",NULL,NULL,NULL
1495570775,"B18-9246","33.73593000","-118.52812000",730,"M","3.52115418","Canyon Bottom",NULL,NULL,NULL
1495570776,"B18-9250","33.76040000","-118.54171000",660,"M","3.52115418","Canyon Bottom",NULL,NULL,NULL
1495570777,"B18-9251","33.76710000","-118.46000000",127,"M","18.82950800","Outer Shelf",NULL,NULL,NULL
1495570778,"B18-9257","33.82928333","-118.41626667",18,"M","35.65453697","Inner Shelf",NULL,NULL,NULL
1495570779,"B18-9259","33.83260000","-118.64880000",678,"M","572.13202740","Lower Slope",NULL,NULL,NULL
1495570780,"B18-9263","33.84800000","-118.56755000",80,"M","65.90051474","Mid Shelf",NULL,NULL,NULL
1495570781,"B18-9265",NULL,NULL,0,NULL,"0.00000000","Lower Slope",NULL,NULL,NULL
1495570782,"B18-9266","33.86040000","-118.44775000",60,"M","65.90051474","Mid Shelf",NULL,NULL,NULL
1495570783,"B18-9267","33.86086667","-118.55915000",74,"M","65.90051474","Mid Shelf",NULL,NULL,NULL
1495570784,"B18-9274","33.91274000","-119.94710000",72,"M","138.98690580","Channel Islands",NULL,NULL,NULL
1495570785,"B18-9277","33.91866667","-118.56328333",176,"M","2.92165519","Canyon Bottom",NULL,NULL,NULL
1495570786,"B18-9281","33.92175000","-118.65001667",448,"M","2.92165519","Canyon Bottom",NULL,NULL,NULL
1495570787,"B18-9284","33.93569000","-118.89715000",827,"M","572.13202740","Lower Slope",NULL,NULL,NULL
1495570788,"B18-9285","33.93510000","-118.55218333",100,"M","2.92165519","Canyon Bottom",NULL,NULL,NULL
1495570789,"B18-9287","33.93488333","-118.59196667",203,"M","18.82950800","Outer Shelf",NULL,NULL,NULL
1495570790,"B18-9290","33.94136000","-118.84450000",719,"M","1.22474356","Canyon Bottom",NULL,NULL,NULL
1495570791,"B18-9292","33.94356667","-118.51985000",48,"M","65.90051474","Mid Shelf",NULL,NULL,NULL
1495570792,"B18-9295","33.95007000","-118.83696000",690,"M","1.22474356","Canyon Bottom",NULL,NULL,NULL
1495570793,"B18-9303","33.96241667","-118.47631667",16,"M","35.65453697","Inner Shelf",NULL,NULL,NULL
1495570794,"B18-9304","33.96470000","-119.85322000",21,"M","138.98690580","Channel Islands",NULL,NULL,NULL
1495570795,"B18-9305","33.96633333","-118.81111667",564,"M","1.22474356","Canyon Bottom",NULL,NULL,NULL
1495570796,"B18-9307","33.96886000","-119.07025000",755,"M","1.50080341","Canyon Bottom",NULL,NULL,NULL
1495570797,"B18-9309","33.97743000","-118.87635000",499,"M","92.62330541","Upper Slope",NULL,NULL,NULL
1495570798,"B18-9310","33.98196667","-118.81408333",169,"M","4.35019692","Outer Shelf",NULL,NULL,NULL
1495570799,"B18-9311","33.98251667","-118.80155000",462,"M","17.75555717","Upper Slope",NULL,NULL,NULL
1495570800,"B18-9314","33.99165000","-118.85737000",167,"M","4.35019692","Outer Shelf",NULL,NULL,NULL
1495570801,"B18-9315","33.99482000","-120.33687000",71,"M","138.98690580","Channel Islands",NULL,NULL,NULL
1495570802,"B18-9316","33.99496667","-118.63270000",62,"M","65.90051474","Mid Shelf",NULL,NULL,NULL
1495570803,"B18-9319","33.99775000","-118.49178333",8,"M","35.65453697","Inner Shelf",NULL,NULL,NULL
1495570804,"B18-9320","33.99925000","-118.86847000",97,"M","9.44343385","Mid Shelf",NULL,NULL,NULL
1495570805,"B18-9321","34.00042000","-118.81478000",44,"M","9.44343385","Mid Shelf",NULL,NULL,NULL
1495570806,"B18-9323","34.00115000","-118.82446000",39,"M","9.44343385","Mid Shelf",NULL,NULL,NULL
1495570807,"B18-9326","34.00516667","-118.76663333",39,"M","65.90051474","Mid Shelf",NULL,NULL,NULL
1495570808,"B18-9329","34.01130000","-120.47439000",95,"M","138.98690580","Channel Islands",NULL,NULL,NULL
1495570809,"B18-9331","34.01305000","-118.67020000",41,"M","65.90051474","Mid Shelf",NULL,NULL,NULL
1495570810,"B18-9332","34.01401000","-119.09466000",660,"M","0.00000000","Canyon Bottom",NULL,NULL,NULL
1495570811,"B18-9336","34.01915000","-118.74315000",23,"M","35.65453697","Inner Shelf",NULL,NULL,NULL
1495570812,"B18-9338","34.02130000","-119.22674000",595,"M","1.84894266","Canyon Bottom",NULL,NULL,NULL
1495570813,"B18-9339","34.02233000","-118.86721000",42,"M","9.44343385","Mid Shelf",NULL,NULL,NULL
1495570814,"B18-9341","34.02296667","-118.59261667",23,"M","35.65453697","Inner Shelf",NULL,NULL,NULL
1495570815,"B18-9343","34.03011000","-119.42289000",82,"M","138.98690580","Channel Islands",NULL,NULL,NULL
1495570816,"B18-9345","34.03360000","-119.34980000",84,"M","138.98690580","Channel Islands",NULL,NULL,NULL
1495570817,"B18-9346","34.03679000","-118.91686000",15,"M","35.65453697","Inner Shelf",NULL,NULL,NULL
1495570818,"B18-9347","34.03989000","-119.23463000",550,"M","1.84894266","Canyon Bottom",NULL,NULL,NULL
1495570819,"B18-9348","34.04160000","-119.19757000",400,"M","92.62330541","Upper Slope",NULL,NULL,NULL
1495570820,"B18-9349","34.04245000","-119.08589000",562,"M","1.50080341","Canyon Bottom",NULL,NULL,NULL
1495570821,"B18-9350","34.04413000","-119.05558000",205,"M","18.82950800","Outer Shelf",NULL,NULL,NULL
1495570822,"B18-9351","34.04681000","-120.48995000",75,"M","138.98690580","Channel Islands",NULL,NULL,NULL
1495570823,"B18-9354","34.05079000","-119.21587000",240,"M","92.62330541","Upper Slope",NULL,NULL,NULL
1495570824,"B18-9356","34.05333000","-119.14898000",125,"M","18.82950800","Outer Shelf",NULL,NULL,NULL
1495570825,"B18-9357","34.05849000","-119.49660000",82,"M","138.98690580","Channel Islands",NULL,NULL,NULL
1495570826,"B18-9359","34.06645000","-119.13405000",186,"M","18.82950800","Outer Shelf",NULL,NULL,NULL
1495570827,"B18-9360","34.06662000","-119.58824000",88,"M","138.98690580","Channel Islands",NULL,NULL,NULL
1495570828,"B18-9363","34.07517000","-119.74712000",88,"M","138.98690580","Channel Islands",NULL,NULL,NULL
1495570829,"B18-9365","34.07793000","-119.50895000",124,"M","138.98690580","Channel Islands",NULL,NULL,NULL
1495570830,"B18-9366","34.07857000","-119.70034000",92,"M","138.98690580","Channel Islands",NULL,NULL,NULL
1495570831,"B18-9369","34.08348000","-119.09496000",157,"M","1.50080341","Canyon Bottom",NULL,NULL,NULL
1495570832,"B18-9371","34.09077000","-119.23904000",341,"M","1.84894266","Canyon Bottom",NULL,NULL,NULL
1495570833,"B18-9372","34.10091000","-119.15067000",15,"M","35.65453697","Inner Shelf",NULL,NULL,NULL
1495570834,"B18-9373","34.10227000","-120.14124000",101,"M","138.98690580","Channel Islands",NULL,NULL,NULL
1495570835,"B18-9375","34.10979000","-119.22115000",137,"M","18.82950800","Outer Shelf",NULL,NULL,NULL
1495570836,"B18-9376","34.11211000","-120.02527000",110,"M","138.98690580","Channel Islands",NULL,NULL,NULL
1495570837,"B18-9377","34.11371000","-119.18032000",17,"M","35.65453697","Inner Shelf",NULL,NULL,NULL
1495570838,"B18-9378","34.11542000","-119.93554000",100,"M","138.98690580","Channel Islands",NULL,NULL,NULL
1495570839,"B18-9379","34.11828000","-119.62890000",259,"M","92.62330541","Upper Slope",NULL,NULL,NULL
1495570840,"B18-9383","34.12500000","-119.19249000",15,"M","35.65453697","Inner Shelf",NULL,NULL,NULL
1495570841,"B18-9387","34.14400000","-120.17799000",430,"M","92.62330541","Upper Slope",NULL,NULL,NULL
1495570842,"B18-9388","34.14570000","-119.76997000",363,"M","92.62330541","Upper Slope",NULL,NULL,NULL
1495570843,"B18-9391","34.15835000","-119.82779000",406,"M","92.62330541","Upper Slope",NULL,NULL,NULL
1495570844,"B18-9394","34.16882000","-119.54209000",240,"M","92.62330541","Upper Slope",NULL,NULL,NULL
1495570845,"B18-9395","34.16911000","-119.46025000",127,"M","18.82950800","Outer Shelf",NULL,NULL,NULL
1495570846,"B18-9396","34.17111000","-119.87681000",462,"M","92.62330541","Upper Slope",NULL,NULL,NULL
1495570847,"B18-9397","34.17865000","-119.34679000",26,"M","35.65453697","Inner Shelf",NULL,NULL,NULL
1495570848,"B18-9398","34.17883000","-119.61224000",258,"M","92.62330541","Upper Slope",NULL,NULL,NULL
1495570849,"B18-9399","34.18244000","-120.40733000",255,"M","92.62330541","Upper Slope",NULL,NULL,NULL
1495570850,"B18-9400","34.18317000","-120.35125000",457,"M","92.62330541","Upper Slope",NULL,NULL,NULL
1495570851,"B18-9403","34.20654000","-119.63271000",154,"M","18.82950800","Outer Shelf",NULL,NULL,NULL
1495570852,"B18-9407","34.21624000","-119.60597000",164,"M","18.82950800","Outer Shelf",NULL,NULL,NULL
1495570853,"B18-9409","34.21804000","-119.29495000",17,"M","35.65453697","Inner Shelf",NULL,NULL,NULL
1495570854,"B18-9413","34.22412000","-119.60608000",146,"M","18.82950800","Outer Shelf",NULL,NULL,NULL
1495570855,"B18-9414","34.22494000","-119.73197000",198,"M","18.82950800","Outer Shelf",NULL,NULL,NULL
1495570856,"B18-9415","34.22711587","-119.69788767",140,"M","18.82950800","Outer Shelf",NULL,NULL,NULL
1495570857,"B18-9416","34.23030000","-119.68726000",138,"M","18.82950800","Outer Shelf",NULL,NULL,NULL
1495570858,"B18-9417","34.23287000","-119.70663000",159,"M","18.82950800","Outer Shelf",NULL,NULL,NULL
1495570859,"B18-9421","34.24474000","-119.37041000",25,"M","35.65453697","Inner Shelf",NULL,NULL,NULL
1495570860,"B18-9424","34.25507566","-119.47639995",64,"M","65.90051474","Mid Shelf",NULL,NULL,NULL
1495570861,"B18-9426","34.25840000","-119.81035000",298,"M","92.62330541","Upper Slope",NULL,NULL,NULL
1495570862,"B18-9427","34.26000000","-120.28129000",462,"M","92.62330541","Upper Slope",NULL,NULL,NULL
1495570863,"B18-9428","34.26088000","-119.76726000",195,"M","18.82950800","Outer Shelf",NULL,NULL,NULL
1495570864,"B18-9432","34.27783000","-119.71844000",202,"M","18.82950800","Outer Shelf",NULL,NULL,NULL
1495570865,"B18-9433","34.27868345","-119.58313439",91,"M","65.90051474","Mid Shelf",NULL,NULL,NULL
1495570866,"B18-9434","34.28400000","-119.35499000",18,"M","35.65453697","Inner Shelf",NULL,NULL,NULL
1495570867,"B18-9435","34.28460000","-120.42389000",421,"M","92.62330541","Upper Slope",NULL,NULL,NULL
1495570868,"B18-9436","34.28685000","-120.45566000",430,"M","92.62330541","Upper Slope",NULL,NULL,NULL
1495570869,"B18-9440","34.30800000","-119.71274000",139,"M","18.82950800","Outer Shelf",NULL,NULL,NULL
1495570870,"B18-9443","34.31439000","-120.28233000",387,"M","92.62330541","Upper Slope",NULL,NULL,NULL
1495570871,"B18-9444","34.31999000","-119.75116000",161,"M","18.82950800","Outer Shelf",NULL,NULL,NULL
1495570872,"B18-9447","34.34244261","-119.45805453",23,"M","35.65453697","Inner Shelf",NULL,NULL,NULL
1495570873,"B18-9448","34.34373814","-119.77421318",88,"M","65.90051474","Mid Shelf",NULL,NULL,NULL
1495570874,"B18-9449","34.34401000","-119.56216000",44,"M","65.90051474","Mid Shelf",NULL,NULL,NULL
1495570875,"B18-9450","34.34418000","-120.36868000",288,"M","92.62330541","Upper Slope",NULL,NULL,NULL
1495570876,"B18-9454","34.35917000","-119.84953000",104,"M","9.44343385","Mid Shelf",NULL,NULL,NULL
1495570877,"B18-9455","34.36050000","-119.89182000",180,"M","4.35019692","Outer Shelf",NULL,NULL,NULL
1495570878,"B18-9456","34.36104813","-119.84982239",93,"M","9.44343385","Mid Shelf",NULL,NULL,NULL
1495570879,"B18-9457","34.36292000","-120.01040000",453,"M","92.62330541","Upper Slope",NULL,NULL,NULL
1495570880,"B18-9458","34.36814599","-119.54012978",34,"M","65.90051474","Mid Shelf",NULL,NULL,NULL
1495570881,"B18-9459","34.36862000","-120.11323000",436,"M","92.62330541","Upper Slope",NULL,NULL,NULL
1495570882,"B18-9464","34.39477000","-120.33174000",184,"M","18.82950800","Outer Shelf",NULL,NULL,NULL
1495570883,"B18-9465","34.39507000","-119.85856000",44,"M","9.44343385","Mid Shelf",NULL,NULL,NULL
1495570884,"B18-9466","34.39593296","-119.66205264",24,"M","35.65453697","Inner Shelf",NULL,NULL,NULL
1495570885,"B18-9467","34.39827888","-119.86556464",29,"M","6.35969097","Inner Shelf",NULL,NULL,NULL
1495570886,"B18-9468","34.39992897","-119.87484012",25,"M","6.35969097","Inner Shelf",NULL,NULL,NULL
1495570887,"B18-9470","34.40098769","-119.83298307",29,"M","65.90051474","Mid Shelf",NULL,NULL,NULL
1495570888,"B18-9474","34.40652000","-120.41709000",89,"M","9.44343385","Mid Shelf",NULL,NULL,NULL
1495570889,"B18-9476","34.41985000","-120.26960000",159,"M","18.82950800","Outer Shelf",NULL,NULL,NULL
1495570890,"B18-9481","34.44276000","-120.42773000",23,"M","6.35969097","Inner Shelf",NULL,NULL,NULL
1495570891,"B18-9482","34.44365000","-120.28533000",20,"M","35.65453697","Inner Shelf",NULL,NULL,NULL
1495570892,"B18-9484","34.45857000","-120.31701000",18,"M","35.65453697","Inner Shelf",NULL,NULL,NULL
1495570893,"B18-9487","34.46461000","-120.17987000",18,"M","35.65453697","Inner Shelf",NULL,NULL,NULL
